cellVoltRaw[0][0], 0,
cellVoltRaw[0][1], 677,
cellVoltRaw[0][2], 0,
cellVoltRaw[0][3], 0,
cellVoltRaw[0][4], 0,
cellVoltRaw[0][5], 0,
cellVoltRaw[0][6], 0,
cellVoltRaw[0][7], 0,
cellVoltRaw[0][8], 0,
cellVoltRaw[0][9], 0,
cellVoltRaw[0][10], 0,
cellVoltRaw[0][11], 0,
cellVoltRaw[0][12], 0,
cellVoltRaw[0][13], 0,
cellVoltRaw[0][14], 0,
cellVoltRaw[1][0], 0,
cellVoltRaw[1][1], 678,
cellVoltRaw[1][2], 0,
cellVoltRaw[1][3], 0,
cellVoltRaw[1][4], 0,
cellVoltRaw[1][5], 0,
cellVoltRaw[1][6], 0,
cellVoltRaw[1][7], 0,
cellVoltRaw[1][8], 0,
cellVoltRaw[1][9], 0,
cellVoltRaw[1][10], 0,
cellVoltRaw[1][11], 0,
cellVoltRaw[1][12], 0,
cellVoltRaw[1][13], 0,
cellVoltRaw[1][14], 0,
cellVoltRaw[2][0], 0,
cellVoltRaw[2][1], 678,
cellVoltRaw[2][2], 0,
cellVoltRaw[2][3], 0,
cellVoltRaw[2][4], 0,
cellVoltRaw[2][5], 0,
cellVoltRaw[2][6], 0,
cellVoltRaw[2][7], 0,
cellVoltRaw[2][8], 0,
cellVoltRaw[2][9], 0,
cellVoltRaw[2][10], 0,
cellVoltRaw[2][11], 0,
cellVoltRaw[2][12], 0,
cellVoltRaw[2][13], 0,
cellVoltRaw[2][14], 0,
cellVoltRaw[3][0], 0,
cellVoltRaw[3][1], 679,
cellVoltRaw[3][2], 0,
cellVoltRaw[3][3], 0,
cellVoltRaw[3][4], 0,
cellVoltRaw[3][5], 0,
cellVoltRaw[3][6], 0,
cellVoltRaw[3][7], 0,
cellVoltRaw[3][8], 0,
cellVoltRaw[3][9], 0,
cellVoltRaw[3][10], 0,
cellVoltRaw[3][11], 0,
cellVoltRaw[3][12], 0,
cellVoltRaw[3][13], 0,
cellVoltRaw[3][14], 0,
cellVoltRaw[4][0], 0,
cellVoltRaw[4][1], 0,
cellVoltRaw[4][2], 0,
cellVoltRaw[4][3], 0,
cellVoltRaw[4][4], 0,
cellVoltRaw[4][5], 0,
cellVoltRaw[4][6], 0,
cellVoltRaw[4][7], 0,
cellVoltRaw[4][8], 0,
cellVoltRaw[4][9], 0,
cellVoltRaw[4][10], 0,
cellVoltRaw[4][11], 0,
cellVoltRaw[4][12], 0,
cellVoltRaw[4][13], 0,
cellVoltRaw[4][14], 0,
cellVoltRaw[5][0], 0,
cellVoltRaw[5][1], 0,
cellVoltRaw[5][2], 0,
cellVoltRaw[5][3], 0,
cellVoltRaw[5][4], 0,
cellVoltRaw[5][5], 0,
cellVoltRaw[5][6], 0,
cellVoltRaw[5][7], 0,
cellVoltRaw[5][8], 0,
cellVoltRaw[5][9], 0,
cellVoltRaw[5][10], 0,
cellVoltRaw[5][11], 0,
cellVoltRaw[5][12], 0,
cellVoltRaw[5][13], 0,
cellVoltRaw[5][14], 0,
cellVoltRaw[6][0], 0,
cellVoltRaw[6][1], 0,
cellVoltRaw[6][2], 0,
cellVoltRaw[6][3], 0,
cellVoltRaw[6][4], 0,
cellVoltRaw[6][5], 0,
cellVoltRaw[6][6], 0,
cellVoltRaw[6][7], 0,
cellVoltRaw[6][8], 0,
cellVoltRaw[6][9], 0,
cellVoltRaw[6][10], 0,
cellVoltRaw[6][11], 0,
cellVoltRaw[6][12], 0,
cellVoltRaw[6][13], 0,
cellVoltRaw[6][14], 0,
cellVoltRaw[7][0], 0,
cellVoltRaw[7][1], 0,
cellVoltRaw[7][2], 0,
cellVoltRaw[7][3], 0,
cellVoltRaw[7][4], 0,
cellVoltRaw[7][5], 0,
cellVoltRaw[7][6], 0,
cellVoltRaw[7][7], 0,
cellVoltRaw[7][8], 0,
cellVoltRaw[7][9], 0,
cellVoltRaw[7][10], 0,
cellVoltRaw[7][11], 0,
cellVoltRaw[7][12], 0,
cellVoltRaw[7][13], 0,
cellVoltRaw[7][14], 0,
cellVoltRaw[8][0], 0,
cellVoltRaw[8][1], 0,
cellVoltRaw[8][2], 0,
cellVoltRaw[8][3], 0,
cellVoltRaw[8][4], 0,
cellVoltRaw[8][5], 0,
cellVoltRaw[8][6], 0,
cellVoltRaw[8][7], 0,
cellVoltRaw[8][8], 0,
cellVoltRaw[8][9], 0,
cellVoltRaw[8][10], 0,
cellVoltRaw[8][11], 0,
cellVoltRaw[8][12], 0,
cellVoltRaw[8][13], 0,
cellVoltRaw[8][14], 0,
cellVoltRaw[9][0], 0,
cellVoltRaw[9][1], 0,
cellVoltRaw[9][2], 0,
cellVoltRaw[9][3], 0,
cellVoltRaw[9][4], 0,
cellVoltRaw[9][5], 0,
cellVoltRaw[9][6], 0,
cellVoltRaw[9][7], 0,
cellVoltRaw[9][8], 0,
cellVoltRaw[9][9], 0,
cellVoltRaw[9][10], 0,
cellVoltRaw[9][11], 0,
cellVoltRaw[9][12], 0,
cellVoltRaw[9][13], 0,
cellVoltRaw[9][14], 0,
cellVoltRaw[10][0], 0,
cellVoltRaw[10][1], 0,
cellVoltRaw[10][2], 0,
cellVoltRaw[10][3], 0,
cellVoltRaw[10][4], 0,
cellVoltRaw[10][5], 0,
cellVoltRaw[10][6], 0,
cellVoltRaw[10][7], 0,
cellVoltRaw[10][8], 0,
cellVoltRaw[10][9], 0,
cellVoltRaw[10][10], 0,
cellVoltRaw[10][11], 0,
cellVoltRaw[10][12], 0,
cellVoltRaw[10][13], 0,
cellVoltRaw[10][14], 0,
cellVoltRaw[11][0], 0,
cellVoltRaw[11][1], 0,
cellVoltRaw[11][2], 0,
cellVoltRaw[11][3], 0,
cellVoltRaw[11][4], 0,
cellVoltRaw[11][5], 0,
cellVoltRaw[11][6], 0,
cellVoltRaw[11][7], 0,
cellVoltRaw[11][8], 0,
cellVoltRaw[11][9], 0,
cellVoltRaw[11][10], 0,
cellVoltRaw[11][11], 0,
cellVoltRaw[11][12], 0,
cellVoltRaw[11][13], 0,
cellVoltRaw[11][14], 0,
cellVoltRaw[12][0], 0,
cellVoltRaw[12][1], 0,
cellVoltRaw[12][2], 0,
cellVoltRaw[12][3], 0,
cellVoltRaw[12][4], 0,
cellVoltRaw[12][5], 0,
cellVoltRaw[12][6], 0,
cellVoltRaw[12][7], 0,
cellVoltRaw[12][8], 0,
cellVoltRaw[12][9], 0,
cellVoltRaw[12][10], 0,
cellVoltRaw[12][11], 0,
cellVoltRaw[12][12], 0,
cellVoltRaw[12][13], 0,
cellVoltRaw[12][14], 0,
cellVoltRaw[13][0], 0,
cellVoltRaw[13][1], 0,
cellVoltRaw[13][2], 0,
cellVoltRaw[13][3], 0,
cellVoltRaw[13][4], 0,
cellVoltRaw[13][5], 0,
cellVoltRaw[13][6], 0,
cellVoltRaw[13][7], 0,
cellVoltRaw[13][8], 0,
cellVoltRaw[13][9], 0,
cellVoltRaw[13][10], 0,
cellVoltRaw[13][11], 0,
cellVoltRaw[13][12], 0,
cellVoltRaw[13][13], 0,
cellVoltRaw[13][14], 0,
cellVoltRaw[14][0], 0,
cellVoltRaw[14][1], 0,
cellVoltRaw[14][2], 0,
cellVoltRaw[14][3], 0,
cellVoltRaw[14][4], 0,
cellVoltRaw[14][5], 0,
cellVoltRaw[14][6], 0,
cellVoltRaw[14][7], 0,
cellVoltRaw[14][8], 0,
cellVoltRaw[14][9], 0,
cellVoltRaw[14][10], 0,
cellVoltRaw[14][11], 0,
cellVoltRaw[14][12], 0,
cellVoltRaw[14][13], 0,
cellVoltRaw[14][14], 0,
cellVoltRaw[15][0], 0,
cellVoltRaw[15][1], 0,
cellVoltRaw[15][2], 0,
cellVoltRaw[15][3], 0,
cellVoltRaw[15][4], 0,
cellVoltRaw[15][5], 0,
cellVoltRaw[15][6], 0,
cellVoltRaw[15][7], 0,
cellVoltRaw[15][8], 0,
cellVoltRaw[15][9], 0,
cellVoltRaw[15][10], 0,
cellVoltRaw[15][11], 0,
cellVoltRaw[15][12], 0,
cellVoltRaw[15][13], 0,
cellVoltRaw[15][14], 0,
cellVoltRaw[16][0], 0,
cellVoltRaw[16][1], 0,
cellVoltRaw[16][2], 0,
cellVoltRaw[16][3], 0,
cellVoltRaw[16][4], 0,
cellVoltRaw[16][5], 0,
cellVoltRaw[16][6], 0,
cellVoltRaw[16][7], 0,
cellVoltRaw[16][8], 0,
cellVoltRaw[16][9], 0,
cellVoltRaw[16][10], 0,
cellVoltRaw[16][11], 0,
cellVoltRaw[16][12], 0,
cellVoltRaw[16][13], 0,
cellVoltRaw[16][14], 0,
cellVoltRaw[17][0], 0,
cellVoltRaw[17][1], 0,
cellVoltRaw[17][2], 0,
cellVoltRaw[17][3], 0,
cellVoltRaw[17][4], 0,
cellVoltRaw[17][5], 0,
cellVoltRaw[17][6], 0,
cellVoltRaw[17][7], 0,
cellVoltRaw[17][8], 0,
cellVoltRaw[17][9], 0,
cellVoltRaw[17][10], 0,
cellVoltRaw[17][11], 0,
cellVoltRaw[17][12], 0,
cellVoltRaw[17][13], 0,
cellVoltRaw[17][14], 0,
cellVoltRaw[18][0], 0,
cellVoltRaw[18][1], 0,
cellVoltRaw[18][2], 0,
cellVoltRaw[18][3], 0,
cellVoltRaw[18][4], 0,
cellVoltRaw[18][5], 0,
cellVoltRaw[18][6], 0,
cellVoltRaw[18][7], 0,
cellVoltRaw[18][8], 0,
cellVoltRaw[18][9], 0,
cellVoltRaw[18][10], 0,
cellVoltRaw[18][11], 0,
cellVoltRaw[18][12], 0,
cellVoltRaw[18][13], 0,
cellVoltRaw[18][14], 0,
cellVoltRaw[19][0], 0,
cellVoltRaw[19][1], 0,
cellVoltRaw[19][2], 0,
cellVoltRaw[19][3], 0,
cellVoltRaw[19][4], 0,
cellVoltRaw[19][5], 0,
cellVoltRaw[19][6], 0,
cellVoltRaw[19][7], 0,
cellVoltRaw[19][8], 0,
cellVoltRaw[19][9], 0,
cellVoltRaw[19][10], 0,
cellVoltRaw[19][11], 0,
cellVoltRaw[19][12], 0,
cellVoltRaw[19][13], 0,
cellVoltRaw[19][14], 0,
cellVoltRaw[20][0], 0,
cellVoltRaw[20][1], 0,
cellVoltRaw[20][2], 0,
cellVoltRaw[20][3], 0,
cellVoltRaw[20][4], 0,
cellVoltRaw[20][5], 0,
cellVoltRaw[20][6], 0,
cellVoltRaw[20][7], 0,
cellVoltRaw[20][8], 0,
cellVoltRaw[20][9], 0,
cellVoltRaw[20][10], 0,
cellVoltRaw[20][11], 0,
cellVoltRaw[20][12], 0,
cellVoltRaw[20][13], 0,
cellVoltRaw[20][14], 0,
cellVoltRaw[21][0], 0,
cellVoltRaw[21][1], 0,
cellVoltRaw[21][2], 0,
cellVoltRaw[21][3], 0,
cellVoltRaw[21][4], 0,
cellVoltRaw[21][5], 0,
cellVoltRaw[21][6], 0,
cellVoltRaw[21][7], 0,
cellVoltRaw[21][8], 0,
cellVoltRaw[21][9], 0,
cellVoltRaw[21][10], 0,
cellVoltRaw[21][11], 0,
cellVoltRaw[21][12], 0,
cellVoltRaw[21][13], 0,
cellVoltRaw[21][14], 0,
cellVoltRaw[22][0], 0,
cellVoltRaw[22][1], 0,
cellVoltRaw[22][2], 0,
cellVoltRaw[22][3], 0,
cellVoltRaw[22][4], 0,
cellVoltRaw[22][5], 0,
cellVoltRaw[22][6], 0,
cellVoltRaw[22][7], 0,
cellVoltRaw[22][8], 0,
cellVoltRaw[22][9], 0,
cellVoltRaw[22][10], 0,
cellVoltRaw[22][11], 0,
cellVoltRaw[22][12], 0,
cellVoltRaw[22][13], 0,
cellVoltRaw[22][14], 0,
cellVoltRaw[23][0], 0,
cellVoltRaw[23][1], 122,
cellVoltRaw[23][2], 0,
cellVoltRaw[23][3], 0,
cellVoltRaw[23][4], 0,
cellVoltRaw[23][5], 0,
cellVoltRaw[23][6], 0,
cellVoltRaw[23][7], 0,
cellVoltRaw[23][8], 0,
cellVoltRaw[23][9], 0,
cellVoltRaw[23][10], 0,
cellVoltRaw[23][11], 0,
cellVoltRaw[23][12], 0,
cellVoltRaw[23][13], 0,
cellVoltRaw[23][14], 0,
cellVoltRaw[24][0], 0,
cellVoltRaw[24][1], 551,
cellVoltRaw[24][2], 0,
cellVoltRaw[24][3], 0,
cellVoltRaw[24][4], 0,
cellVoltRaw[24][5], 0,
cellVoltRaw[24][6], 0,
cellVoltRaw[24][7], 0,
cellVoltRaw[24][8], 0,
cellVoltRaw[24][9], 0,
cellVoltRaw[24][10], 0,
cellVoltRaw[24][11], 0,
cellVoltRaw[24][12], 0,
cellVoltRaw[24][13], 0,
cellVoltRaw[24][14], 0,
cellVoltRaw[25][0], 0,
cellVoltRaw[25][1], 587,
cellVoltRaw[25][2], 0,
cellVoltRaw[25][3], 0,
cellVoltRaw[25][4], 0,
cellVoltRaw[25][5], 0,
cellVoltRaw[25][6], 0,
cellVoltRaw[25][7], 0,
cellVoltRaw[25][8], 0,
cellVoltRaw[25][9], 0,
cellVoltRaw[25][10], 0,
cellVoltRaw[25][11], 0,
cellVoltRaw[25][12], 0,
cellVoltRaw[25][13], 0,
cellVoltRaw[25][14], 0,
cellVoltRaw[26][0], 0,
cellVoltRaw[26][1], 604,
cellVoltRaw[26][2], 0,
cellVoltRaw[26][3], 0,
cellVoltRaw[26][4], 0,
cellVoltRaw[26][5], 0,
cellVoltRaw[26][6], 0,
cellVoltRaw[26][7], 0,
cellVoltRaw[26][8], 0,
cellVoltRaw[26][9], 0,
cellVoltRaw[26][10], 0,
cellVoltRaw[26][11], 0,
cellVoltRaw[26][12], 0,
cellVoltRaw[26][13], 0,
cellVoltRaw[26][14], 0,
cellVoltRaw[27][0], 0,
cellVoltRaw[27][1], 615,
cellVoltRaw[27][2], 0,
cellVoltRaw[27][3], 0,
cellVoltRaw[27][4], 0,
cellVoltRaw[27][5], 0,
cellVoltRaw[27][6], 0,
cellVoltRaw[27][7], 0,
cellVoltRaw[27][8], 0,
cellVoltRaw[27][9], 0,
cellVoltRaw[27][10], 0,
cellVoltRaw[27][11], 0,
cellVoltRaw[27][12], 0,
cellVoltRaw[27][13], 0,
cellVoltRaw[27][14], 0,
cellVoltRaw[28][0], 0,
cellVoltRaw[28][1], 623,
cellVoltRaw[28][2], 0,
cellVoltRaw[28][3], 0,
cellVoltRaw[28][4], 0,
cellVoltRaw[28][5], 0,
cellVoltRaw[28][6], 0,
cellVoltRaw[28][7], 0,
cellVoltRaw[28][8], 0,
cellVoltRaw[28][9], 0,
cellVoltRaw[28][10], 0,
cellVoltRaw[28][11], 0,
cellVoltRaw[28][12], 0,
cellVoltRaw[28][13], 0,
cellVoltRaw[28][14], 0,
cellVoltRaw[29][0], 0,
cellVoltRaw[29][1], 629,
cellVoltRaw[29][2], 0,
cellVoltRaw[29][3], 0,
cellVoltRaw[29][4], 0,
cellVoltRaw[29][5], 0,
cellVoltRaw[29][6], 0,
cellVoltRaw[29][7], 0,
cellVoltRaw[29][8], 0,
cellVoltRaw[29][9], 0,
cellVoltRaw[29][10], 0,
cellVoltRaw[29][11], 0,
cellVoltRaw[29][12], 0,
cellVoltRaw[29][13], 0,
cellVoltRaw[29][14], 0,
cellVoltRaw[30][0], 0,
cellVoltRaw[30][1], 635,
cellVoltRaw[30][2], 0,
cellVoltRaw[30][3], 0,
cellVoltRaw[30][4], 0,
cellVoltRaw[30][5], 0,
cellVoltRaw[30][6], 0,
cellVoltRaw[30][7], 0,
cellVoltRaw[30][8], 0,
cellVoltRaw[30][9], 0,
cellVoltRaw[30][10], 0,
cellVoltRaw[30][11], 0,
cellVoltRaw[30][12], 0,
cellVoltRaw[30][13], 0,
cellVoltRaw[30][14], 0,
cellVoltRaw[31][0], 0,
cellVoltRaw[31][1], 639,
cellVoltRaw[31][2], 0,
cellVoltRaw[31][3], 0,
cellVoltRaw[31][4], 0,
cellVoltRaw[31][5], 0,
cellVoltRaw[31][6], 0,
cellVoltRaw[31][7], 0,
cellVoltRaw[31][8], 0,
cellVoltRaw[31][9], 0,
cellVoltRaw[31][10], 0,
cellVoltRaw[31][11], 0,
cellVoltRaw[31][12], 0,
cellVoltRaw[31][13], 0,
cellVoltRaw[31][14], 0,
cellVoltRaw[32][0], 0,
cellVoltRaw[32][1], 643,
cellVoltRaw[32][2], 0,
cellVoltRaw[32][3], 0,
cellVoltRaw[32][4], 0,
cellVoltRaw[32][5], 0,
cellVoltRaw[32][6], 0,
cellVoltRaw[32][7], 0,
cellVoltRaw[32][8], 0,
cellVoltRaw[32][9], 0,
cellVoltRaw[32][10], 0,
cellVoltRaw[32][11], 0,
cellVoltRaw[32][12], 0,
cellVoltRaw[32][13], 0,
cellVoltRaw[32][14], 0,
cellVoltRaw[33][0], 0,
cellVoltRaw[33][1], 646,
cellVoltRaw[33][2], 0,
cellVoltRaw[33][3], 0,
cellVoltRaw[33][4], 0,
cellVoltRaw[33][5], 0,
cellVoltRaw[33][6], 0,
cellVoltRaw[33][7], 0,
cellVoltRaw[33][8], 0,
cellVoltRaw[33][9], 0,
cellVoltRaw[33][10], 0,
cellVoltRaw[33][11], 0,
cellVoltRaw[33][12], 0,
cellVoltRaw[33][13], 0,
cellVoltRaw[33][14], 0,
cellVoltRaw[34][0], 0,
cellVoltRaw[34][1], 649,
cellVoltRaw[34][2], 0,
cellVoltRaw[34][3], 0,
cellVoltRaw[34][4], 0,
cellVoltRaw[34][5], 0,
cellVoltRaw[34][6], 0,
cellVoltRaw[34][7], 0,
cellVoltRaw[34][8], 0,
cellVoltRaw[34][9], 0,
cellVoltRaw[34][10], 0,
cellVoltRaw[34][11], 0,
cellVoltRaw[34][12], 0,
cellVoltRaw[34][13], 0,
cellVoltRaw[34][14], 0,
cellVoltRaw[35][0], 0,
cellVoltRaw[35][1], 652,
cellVoltRaw[35][2], 0,
cellVoltRaw[35][3], 0,
cellVoltRaw[35][4], 0,
cellVoltRaw[35][5], 0,
cellVoltRaw[35][6], 0,
cellVoltRaw[35][7], 0,
cellVoltRaw[35][8], 0,
cellVoltRaw[35][9], 0,
cellVoltRaw[35][10], 0,
cellVoltRaw[35][11], 0,
cellVoltRaw[35][12], 0,
cellVoltRaw[35][13], 0,
cellVoltRaw[35][14], 0,
cellVoltRaw[36][0], 0,
cellVoltRaw[36][1], 654,
cellVoltRaw[36][2], 0,
cellVoltRaw[36][3], 0,
cellVoltRaw[36][4], 0,
cellVoltRaw[36][5], 0,
cellVoltRaw[36][6], 0,
cellVoltRaw[36][7], 0,
cellVoltRaw[36][8], 0,
cellVoltRaw[36][9], 0,
cellVoltRaw[36][10], 0,
cellVoltRaw[36][11], 0,
cellVoltRaw[36][12], 0,
cellVoltRaw[36][13], 0,
cellVoltRaw[36][14], 0,
cellVoltRaw[37][0], 0,
cellVoltRaw[37][1], 656,
cellVoltRaw[37][2], 0,
cellVoltRaw[37][3], 0,
cellVoltRaw[37][4], 0,
cellVoltRaw[37][5], 0,
cellVoltRaw[37][6], 0,
cellVoltRaw[37][7], 0,
cellVoltRaw[37][8], 0,
cellVoltRaw[37][9], 0,
cellVoltRaw[37][10], 0,
cellVoltRaw[37][11], 0,
cellVoltRaw[37][12], 0,
cellVoltRaw[37][13], 0,
cellVoltRaw[37][14], 0,
cellVoltRaw[38][0], 0,
cellVoltRaw[38][1], 658,
cellVoltRaw[38][2], 0,
cellVoltRaw[38][3], 0,
cellVoltRaw[38][4], 0,
cellVoltRaw[38][5], 0,
cellVoltRaw[38][6], 0,
cellVoltRaw[38][7], 0,
cellVoltRaw[38][8], 0,
cellVoltRaw[38][9], 0,
cellVoltRaw[38][10], 0,
cellVoltRaw[38][11], 0,
cellVoltRaw[38][12], 0,
cellVoltRaw[38][13], 0,
cellVoltRaw[38][14], 0,
cellVoltRaw[39][0], 0,
cellVoltRaw[39][1], 659,
cellVoltRaw[39][2], 0,
cellVoltRaw[39][3], 0,
cellVoltRaw[39][4], 0,
cellVoltRaw[39][5], 0,
cellVoltRaw[39][6], 0,
cellVoltRaw[39][7], 0,
cellVoltRaw[39][8], 0,
cellVoltRaw[39][9], 0,
cellVoltRaw[39][10], 0,
cellVoltRaw[39][11], 0,
cellVoltRaw[39][12], 0,
cellVoltRaw[39][13], 0,
cellVoltRaw[39][14], 0,
cellVoltRaw[40][0], 0,
cellVoltRaw[40][1], 662,
cellVoltRaw[40][2], 0,
cellVoltRaw[40][3], 0,
cellVoltRaw[40][4], 0,
cellVoltRaw[40][5], 0,
cellVoltRaw[40][6], 0,
cellVoltRaw[40][7], 0,
cellVoltRaw[40][8], 0,
cellVoltRaw[40][9], 0,
cellVoltRaw[40][10], 0,
cellVoltRaw[40][11], 0,
cellVoltRaw[40][12], 0,
cellVoltRaw[40][13], 0,
cellVoltRaw[40][14], 0,
cellVoltRaw[41][0], 0,
cellVoltRaw[41][1], 663,
cellVoltRaw[41][2], 0,
cellVoltRaw[41][3], 0,
cellVoltRaw[41][4], 0,
cellVoltRaw[41][5], 0,
cellVoltRaw[41][6], 0,
cellVoltRaw[41][7], 0,
cellVoltRaw[41][8], 0,
cellVoltRaw[41][9], 0,
cellVoltRaw[41][10], 0,
cellVoltRaw[41][11], 0,
cellVoltRaw[41][12], 0,
cellVoltRaw[41][13], 0,
cellVoltRaw[41][14], 0,
cellVoltRaw[42][0], 0,
cellVoltRaw[42][1], 664,
cellVoltRaw[42][2], 0,
cellVoltRaw[42][3], 0,
cellVoltRaw[42][4], 0,
cellVoltRaw[42][5], 0,
cellVoltRaw[42][6], 0,
cellVoltRaw[42][7], 0,
cellVoltRaw[42][8], 0,
cellVoltRaw[42][9], 0,
cellVoltRaw[42][10], 0,
cellVoltRaw[42][11], 0,
cellVoltRaw[42][12], 0,
cellVoltRaw[42][13], 0,
cellVoltRaw[42][14], 0,
cellVoltRaw[43][0], 0,
cellVoltRaw[43][1], 665,
cellVoltRaw[43][2], 0,
cellVoltRaw[43][3], 0,
cellVoltRaw[43][4], 0,
cellVoltRaw[43][5], 0,
cellVoltRaw[43][6], 0,
cellVoltRaw[43][7], 0,
cellVoltRaw[43][8], 0,
cellVoltRaw[43][9], 0,
cellVoltRaw[43][10], 0,
cellVoltRaw[43][11], 0,
cellVoltRaw[43][12], 0,
cellVoltRaw[43][13], 0,
cellVoltRaw[43][14], 0,
cellVoltRaw[44][0], 0,
cellVoltRaw[44][1], 666,
cellVoltRaw[44][2], 0,
cellVoltRaw[44][3], 0,
cellVoltRaw[44][4], 0,
cellVoltRaw[44][5], 0,
cellVoltRaw[44][6], 0,
cellVoltRaw[44][7], 0,
cellVoltRaw[44][8], 0,
cellVoltRaw[44][9], 0,
cellVoltRaw[44][10], 0,
cellVoltRaw[44][11], 0,
cellVoltRaw[44][12], 0,
cellVoltRaw[44][13], 0,
cellVoltRaw[44][14], 0,
cellVoltRaw[45][0], 0,
cellVoltRaw[45][1], 668,
cellVoltRaw[45][2], 0,
cellVoltRaw[45][3], 0,
cellVoltRaw[45][4], 0,
cellVoltRaw[45][5], 0,
cellVoltRaw[45][6], 0,
cellVoltRaw[45][7], 0,
cellVoltRaw[45][8], 0,
cellVoltRaw[45][9], 0,
cellVoltRaw[45][10], 0,
cellVoltRaw[45][11], 0,
cellVoltRaw[45][12], 0,
cellVoltRaw[45][13], 0,
cellVoltRaw[45][14], 0,
cellVoltRaw[46][0], 0,
cellVoltRaw[46][1], 668,
cellVoltRaw[46][2], 0,
cellVoltRaw[46][3], 0,
cellVoltRaw[46][4], 0,
cellVoltRaw[46][5], 0,
cellVoltRaw[46][6], 0,
cellVoltRaw[46][7], 0,
cellVoltRaw[46][8], 0,
cellVoltRaw[46][9], 0,
cellVoltRaw[46][10], 0,
cellVoltRaw[46][11], 0,
cellVoltRaw[46][12], 0,
cellVoltRaw[46][13], 0,
cellVoltRaw[46][14], 0,
cellVoltRaw[47][0], 0,
cellVoltRaw[47][1], 670,
cellVoltRaw[47][2], 0,
cellVoltRaw[47][3], 0,
cellVoltRaw[47][4], 0,
cellVoltRaw[47][5], 0,
cellVoltRaw[47][6], 0,
cellVoltRaw[47][7], 0,
cellVoltRaw[47][8], 0,
cellVoltRaw[47][9], 0,
cellVoltRaw[47][10], 0,
cellVoltRaw[47][11], 0,
cellVoltRaw[47][12], 0,
cellVoltRaw[47][13], 0,
cellVoltRaw[47][14], 0,
cellVoltRaw[48][0], 0,
cellVoltRaw[48][1], 670,
cellVoltRaw[48][2], 0,
cellVoltRaw[48][3], 0,
cellVoltRaw[48][4], 0,
cellVoltRaw[48][5], 0,
cellVoltRaw[48][6], 0,
cellVoltRaw[48][7], 0,
cellVoltRaw[48][8], 0,
cellVoltRaw[48][9], 0,
cellVoltRaw[48][10], 0,
cellVoltRaw[48][11], 0,
cellVoltRaw[48][12], 0,
cellVoltRaw[48][13], 0,
cellVoltRaw[48][14], 0,
cellVoltRaw[49][0], 0,
cellVoltRaw[49][1], 671,
cellVoltRaw[49][2], 0,
cellVoltRaw[49][3], 0,
cellVoltRaw[49][4], 0,
cellVoltRaw[49][5], 0,
cellVoltRaw[49][6], 0,
cellVoltRaw[49][7], 0,
cellVoltRaw[49][8], 0,
cellVoltRaw[49][9], 0,
cellVoltRaw[49][10], 0,
cellVoltRaw[49][11], 0,
cellVoltRaw[49][12], 0,
cellVoltRaw[49][13], 0,
cellVoltRaw[49][14], 0,
cellVoltRaw[50][0], 0,
cellVoltRaw[50][1], 672,
cellVoltRaw[50][2], 0,
cellVoltRaw[50][3], 0,
cellVoltRaw[50][4], 0,
cellVoltRaw[50][5], 0,
cellVoltRaw[50][6], 0,
cellVoltRaw[50][7], 0,
cellVoltRaw[50][8], 0,
cellVoltRaw[50][9], 0,
cellVoltRaw[50][10], 0,
cellVoltRaw[50][11], 0,
cellVoltRaw[50][12], 0,
cellVoltRaw[50][13], 0,
cellVoltRaw[50][14], 0,
cellVoltRaw[51][0], 0,
cellVoltRaw[51][1], 672,
cellVoltRaw[51][2], 0,
cellVoltRaw[51][3], 0,
cellVoltRaw[51][4], 0,
cellVoltRaw[51][5], 0,
cellVoltRaw[51][6], 0,
cellVoltRaw[51][7], 0,
cellVoltRaw[51][8], 0,
cellVoltRaw[51][9], 0,
cellVoltRaw[51][10], 0,
cellVoltRaw[51][11], 0,
cellVoltRaw[51][12], 0,
cellVoltRaw[51][13], 0,
cellVoltRaw[51][14], 0,
cellVoltRaw[52][0], 0,
cellVoltRaw[52][1], 673,
cellVoltRaw[52][2], 0,
cellVoltRaw[52][3], 0,
cellVoltRaw[52][4], 0,
cellVoltRaw[52][5], 0,
cellVoltRaw[52][6], 0,
cellVoltRaw[52][7], 0,
cellVoltRaw[52][8], 0,
cellVoltRaw[52][9], 0,
cellVoltRaw[52][10], 0,
cellVoltRaw[52][11], 0,
cellVoltRaw[52][12], 0,
cellVoltRaw[52][13], 0,
cellVoltRaw[52][14], 0,
cellVoltRaw[53][0], 0,
cellVoltRaw[53][1], 674,
cellVoltRaw[53][2], 0,
cellVoltRaw[53][3], 0,
cellVoltRaw[53][4], 0,
cellVoltRaw[53][5], 0,
cellVoltRaw[53][6], 0,
cellVoltRaw[53][7], 0,
cellVoltRaw[53][8], 0,
cellVoltRaw[53][9], 0,
cellVoltRaw[53][10], 0,
cellVoltRaw[53][11], 0,
cellVoltRaw[53][12], 0,
cellVoltRaw[53][13], 0,
cellVoltRaw[53][14], 0,
cellVoltRaw[54][0], 0,
cellVoltRaw[54][1], 675,
cellVoltRaw[54][2], 0,
cellVoltRaw[54][3], 0,
cellVoltRaw[54][4], 0,
cellVoltRaw[54][5], 0,
cellVoltRaw[54][6], 0,
cellVoltRaw[54][7], 0,
cellVoltRaw[54][8], 0,
cellVoltRaw[54][9], 0,
cellVoltRaw[54][10], 0,
cellVoltRaw[54][11], 0,
cellVoltRaw[54][12], 0,
cellVoltRaw[54][13], 0,
cellVoltRaw[54][14], 0,
cellVoltRaw[55][0], 0,
cellVoltRaw[55][1], 675,
cellVoltRaw[55][2], 0,
cellVoltRaw[55][3], 0,
cellVoltRaw[55][4], 0,
cellVoltRaw[55][5], 0,
cellVoltRaw[55][6], 0,
cellVoltRaw[55][7], 0,
cellVoltRaw[55][8], 0,
cellVoltRaw[55][9], 0,
cellVoltRaw[55][10], 0,
cellVoltRaw[55][11], 0,
cellVoltRaw[55][12], 0,
cellVoltRaw[55][13], 0,
cellVoltRaw[55][14], 0,
cellVoltRaw[56][0], 0,
cellVoltRaw[56][1], 675,
cellVoltRaw[56][2], 0,
cellVoltRaw[56][3], 0,
cellVoltRaw[56][4], 0,
cellVoltRaw[56][5], 0,
cellVoltRaw[56][6], 0,
cellVoltRaw[56][7], 0,
cellVoltRaw[56][8], 0,
cellVoltRaw[56][9], 0,
cellVoltRaw[56][10], 0,
cellVoltRaw[56][11], 0,
cellVoltRaw[56][12], 0,
cellVoltRaw[56][13], 0,
cellVoltRaw[56][14], 0,
cellVoltRaw[57][0], 0,
cellVoltRaw[57][1], 676,
cellVoltRaw[57][2], 0,
cellVoltRaw[57][3], 0,
cellVoltRaw[57][4], 0,
cellVoltRaw[57][5], 0,
cellVoltRaw[57][6], 0,
cellVoltRaw[57][7], 0,
cellVoltRaw[57][8], 0,
cellVoltRaw[57][9], 0,
cellVoltRaw[57][10], 0,
cellVoltRaw[57][11], 0,
cellVoltRaw[57][12], 0,
cellVoltRaw[57][13], 0,
cellVoltRaw[57][14], 0,
cellVoltRaw[58][0], 0,
cellVoltRaw[58][1], 676,
cellVoltRaw[58][2], 0,
cellVoltRaw[58][3], 0,
cellVoltRaw[58][4], 0,
cellVoltRaw[58][5], 0,
cellVoltRaw[58][6], 0,
cellVoltRaw[58][7], 0,
cellVoltRaw[58][8], 0,
cellVoltRaw[58][9], 0,
cellVoltRaw[58][10], 0,
cellVoltRaw[58][11], 0,
cellVoltRaw[58][12], 0,
cellVoltRaw[58][13], 0,
cellVoltRaw[58][14], 0,
cellVoltRaw[59][0], 0,
cellVoltRaw[59][1], 677,
cellVoltRaw[59][2], 0,
cellVoltRaw[59][3], 0,
cellVoltRaw[59][4], 0,
cellVoltRaw[59][5], 0,
cellVoltRaw[59][6], 0,
cellVoltRaw[59][7], 0,
cellVoltRaw[59][8], 0,
cellVoltRaw[59][9], 0,
cellVoltRaw[59][10], 0,
cellVoltRaw[59][11], 0,
cellVoltRaw[59][12], 0,
cellVoltRaw[59][13], 0,
cellVoltRaw[59][14], 0,
cellVoltRaw[60][0], 0,
cellVoltRaw[60][1], 677,
cellVoltRaw[60][2], 0,
cellVoltRaw[60][3], 0,
cellVoltRaw[60][4], 0,
cellVoltRaw[60][5], 0,
cellVoltRaw[60][6], 0,
cellVoltRaw[60][7], 0,
cellVoltRaw[60][8], 0,
cellVoltRaw[60][9], 0,
cellVoltRaw[60][10], 0,
cellVoltRaw[60][11], 0,
cellVoltRaw[60][12], 0,
cellVoltRaw[60][13], 0,
cellVoltRaw[60][14], 0,
cellVoltRaw[61][0], 0,
cellVoltRaw[61][1], 678,
cellVoltRaw[61][2], 0,
cellVoltRaw[61][3], 0,
cellVoltRaw[61][4], 0,
cellVoltRaw[61][5], 0,
cellVoltRaw[61][6], 0,
cellVoltRaw[61][7], 0,
cellVoltRaw[61][8], 0,
cellVoltRaw[61][9], 0,
cellVoltRaw[61][10], 0,
cellVoltRaw[61][11], 0,
cellVoltRaw[61][12], 0,
cellVoltRaw[61][13], 0,
cellVoltRaw[61][14], 0,
cellVoltRaw[62][0], 0,
cellVoltRaw[62][1], 678,
cellVoltRaw[62][2], 0,
cellVoltRaw[62][3], 0,
cellVoltRaw[62][4], 0,
cellVoltRaw[62][5], 0,
cellVoltRaw[62][6], 0,
cellVoltRaw[62][7], 0,
cellVoltRaw[62][8], 0,
cellVoltRaw[62][9], 0,
cellVoltRaw[62][10], 0,
cellVoltRaw[62][11], 0,
cellVoltRaw[62][12], 0,
cellVoltRaw[62][13], 0,
cellVoltRaw[62][14], 0,
cellVoltRaw[63][0], 0,
cellVoltRaw[63][1], 679,
cellVoltRaw[63][2], 0,
cellVoltRaw[63][3], 0,
cellVoltRaw[63][4], 0,
cellVoltRaw[63][5], 0,
cellVoltRaw[63][6], 0,
cellVoltRaw[63][7], 0,
cellVoltRaw[63][8], 0,
cellVoltRaw[63][9], 0,
cellVoltRaw[63][10], 0,
cellVoltRaw[63][11], 0,
cellVoltRaw[63][12], 0,
cellVoltRaw[63][13], 0,
cellVoltRaw[63][14], 0,
cellVoltRaw[64][0], 0,
cellVoltRaw[64][1], 679,
cellVoltRaw[64][2], 0,
cellVoltRaw[64][3], 0,
cellVoltRaw[64][4], 0,
cellVoltRaw[64][5], 0,
cellVoltRaw[64][6], 0,
cellVoltRaw[64][7], 0,
cellVoltRaw[64][8], 0,
cellVoltRaw[64][9], 0,
cellVoltRaw[64][10], 0,
cellVoltRaw[64][11], 0,
cellVoltRaw[64][12], 0,
cellVoltRaw[64][13], 0,
cellVoltRaw[64][14], 0,
cellVoltRaw[65][0], 0,
cellVoltRaw[65][1], 679,
cellVoltRaw[65][2], 0,
cellVoltRaw[65][3], 0,
cellVoltRaw[65][4], 0,
cellVoltRaw[65][5], 0,
cellVoltRaw[65][6], 0,
cellVoltRaw[65][7], 0,
cellVoltRaw[65][8], 0,
cellVoltRaw[65][9], 0,
cellVoltRaw[65][10], 0,
cellVoltRaw[65][11], 0,
cellVoltRaw[65][12], 0,
cellVoltRaw[65][13], 0,
cellVoltRaw[65][14], 0,
cellVoltRaw[66][0], 0,
cellVoltRaw[66][1], 679,
cellVoltRaw[66][2], 0,
cellVoltRaw[66][3], 0,
cellVoltRaw[66][4], 0,
cellVoltRaw[66][5], 0,
cellVoltRaw[66][6], 0,
cellVoltRaw[66][7], 0,
cellVoltRaw[66][8], 0,
cellVoltRaw[66][9], 0,
cellVoltRaw[66][10], 0,
cellVoltRaw[66][11], 0,
cellVoltRaw[66][12], 0,
cellVoltRaw[66][13], 0,
cellVoltRaw[66][14], 0,
cellVoltRaw[67][0], 0,
cellVoltRaw[67][1], 680,
cellVoltRaw[67][2], 0,
cellVoltRaw[67][3], 0,
cellVoltRaw[67][4], 0,
cellVoltRaw[67][5], 0,
cellVoltRaw[67][6], 0,
cellVoltRaw[67][7], 0,
cellVoltRaw[67][8], 0,
cellVoltRaw[67][9], 0,
cellVoltRaw[67][10], 0,
cellVoltRaw[67][11], 0,
cellVoltRaw[67][12], 0,
cellVoltRaw[67][13], 0,
cellVoltRaw[67][14], 0,
cellVoltRaw[68][0], 0,
cellVoltRaw[68][1], 680,
cellVoltRaw[68][2], 0,
cellVoltRaw[68][3], 0,
cellVoltRaw[68][4], 0,
cellVoltRaw[68][5], 0,
cellVoltRaw[68][6], 0,
cellVoltRaw[68][7], 0,
cellVoltRaw[68][8], 0,
cellVoltRaw[68][9], 0,
cellVoltRaw[68][10], 0,
cellVoltRaw[68][11], 0,
cellVoltRaw[68][12], 0,
cellVoltRaw[68][13], 0,
cellVoltRaw[68][14], 0,
cellVoltRaw[69][0], 0,
cellVoltRaw[69][1], 680,
cellVoltRaw[69][2], 0,
cellVoltRaw[69][3], 0,
cellVoltRaw[69][4], 0,
cellVoltRaw[69][5], 0,
cellVoltRaw[69][6], 0,
cellVoltRaw[69][7], 0,
cellVoltRaw[69][8], 0,
cellVoltRaw[69][9], 0,
cellVoltRaw[69][10], 0,
cellVoltRaw[69][11], 0,
cellVoltRaw[69][12], 0,
cellVoltRaw[69][13], 0,
cellVoltRaw[69][14], 0,
cellVoltRaw[70][0], 0,
cellVoltRaw[70][1], 680,
cellVoltRaw[70][2], 0,
cellVoltRaw[70][3], 0,
cellVoltRaw[70][4], 0,
cellVoltRaw[70][5], 0,
cellVoltRaw[70][6], 0,
cellVoltRaw[70][7], 0,
cellVoltRaw[70][8], 0,
cellVoltRaw[70][9], 0,
cellVoltRaw[70][10], 0,
cellVoltRaw[70][11], 0,
cellVoltRaw[70][12], 0,
cellVoltRaw[70][13], 0,
cellVoltRaw[70][14], 0,
cellVoltRaw[71][0], 0,
cellVoltRaw[71][1], 681,
cellVoltRaw[71][2], 0,
cellVoltRaw[71][3], 0,
cellVoltRaw[71][4], 0,
cellVoltRaw[71][5], 0,
cellVoltRaw[71][6], 0,
cellVoltRaw[71][7], 0,
cellVoltRaw[71][8], 0,
cellVoltRaw[71][9], 0,
cellVoltRaw[71][10], 0,
cellVoltRaw[71][11], 0,
cellVoltRaw[71][12], 0,
cellVoltRaw[71][13], 0,
cellVoltRaw[71][14], 0,
cellVoltRaw[72][0], 0,
cellVoltRaw[72][1], 681,
cellVoltRaw[72][2], 0,
cellVoltRaw[72][3], 0,
cellVoltRaw[72][4], 0,
cellVoltRaw[72][5], 0,
cellVoltRaw[72][6], 0,
cellVoltRaw[72][7], 0,
cellVoltRaw[72][8], 0,
cellVoltRaw[72][9], 0,
cellVoltRaw[72][10], 0,
cellVoltRaw[72][11], 0,
cellVoltRaw[72][12], 0,
cellVoltRaw[72][13], 0,
cellVoltRaw[72][14], 0,
cellVoltRaw[73][0], 0,
cellVoltRaw[73][1], 681,
cellVoltRaw[73][2], 0,
cellVoltRaw[73][3], 0,
cellVoltRaw[73][4], 0,
cellVoltRaw[73][5], 0,
cellVoltRaw[73][6], 0,
cellVoltRaw[73][7], 0,
cellVoltRaw[73][8], 0,
cellVoltRaw[73][9], 0,
cellVoltRaw[73][10], 0,
cellVoltRaw[73][11], 0,
cellVoltRaw[73][12], 0,
cellVoltRaw[73][13], 0,
cellVoltRaw[73][14], 0,
cellVoltRaw[74][0], 0,
cellVoltRaw[74][1], 681,
cellVoltRaw[74][2], 0,
cellVoltRaw[74][3], 0,
cellVoltRaw[74][4], 0,
cellVoltRaw[74][5], 0,
cellVoltRaw[74][6], 0,
cellVoltRaw[74][7], 0,
cellVoltRaw[74][8], 0,
cellVoltRaw[74][9], 0,
cellVoltRaw[74][10], 0,
cellVoltRaw[74][11], 0,
cellVoltRaw[74][12], 0,
cellVoltRaw[74][13], 0,
cellVoltRaw[74][14], 0,
cellVoltRaw[75][0], 0,
cellVoltRaw[75][1], 682,
cellVoltRaw[75][2], 0,
cellVoltRaw[75][3], 0,
cellVoltRaw[75][4], 0,
cellVoltRaw[75][5], 0,
cellVoltRaw[75][6], 0,
cellVoltRaw[75][7], 0,
cellVoltRaw[75][8], 0,
cellVoltRaw[75][9], 0,
cellVoltRaw[75][10], 0,
cellVoltRaw[75][11], 0,
cellVoltRaw[75][12], 0,
cellVoltRaw[75][13], 0,
cellVoltRaw[75][14], 0,
cellVoltRaw[76][0], 0,
cellVoltRaw[76][1], 682,
cellVoltRaw[76][2], 0,
cellVoltRaw[76][3], 0,
cellVoltRaw[76][4], 0,
cellVoltRaw[76][5], 0,
cellVoltRaw[76][6], 0,
cellVoltRaw[76][7], 0,
cellVoltRaw[76][8], 0,
cellVoltRaw[76][9], 0,
cellVoltRaw[76][10], 0,
cellVoltRaw[76][11], 0,
cellVoltRaw[76][12], 0,
cellVoltRaw[76][13], 0,
cellVoltRaw[76][14], 0,
cellVoltRaw[77][0], 0,
cellVoltRaw[77][1], 682,
cellVoltRaw[77][2], 0,
cellVoltRaw[77][3], 0,
cellVoltRaw[77][4], 0,
cellVoltRaw[77][5], 0,
cellVoltRaw[77][6], 0,
cellVoltRaw[77][7], 0,
cellVoltRaw[77][8], 0,
cellVoltRaw[77][9], 0,
cellVoltRaw[77][10], 0,
cellVoltRaw[77][11], 0,
cellVoltRaw[77][12], 0,
cellVoltRaw[77][13], 0,
cellVoltRaw[77][14], 0,
cellVoltRaw[78][0], 0,
cellVoltRaw[78][1], 682,
cellVoltRaw[78][2], 0,
cellVoltRaw[78][3], 0,
cellVoltRaw[78][4], 0,
cellVoltRaw[78][5], 0,
cellVoltRaw[78][6], 0,
cellVoltRaw[78][7], 0,
cellVoltRaw[78][8], 0,
cellVoltRaw[78][9], 0,
cellVoltRaw[78][10], 0,
cellVoltRaw[78][11], 0,
cellVoltRaw[78][12], 0,
cellVoltRaw[78][13], 0,
cellVoltRaw[78][14], 0,
cellVoltRaw[79][0], 0,
cellVoltRaw[79][1], 682,
cellVoltRaw[79][2], 0,
cellVoltRaw[79][3], 0,
cellVoltRaw[79][4], 0,
cellVoltRaw[79][5], 0,
cellVoltRaw[79][6], 0,
cellVoltRaw[79][7], 0,
cellVoltRaw[79][8], 0,
cellVoltRaw[79][9], 0,
cellVoltRaw[79][10], 0,
cellVoltRaw[79][11], 0,
cellVoltRaw[79][12], 0,
cellVoltRaw[79][13], 0,
cellVoltRaw[79][14], 0,
cellVoltRaw[80][0], 0,
cellVoltRaw[80][1], 683,
cellVoltRaw[80][2], 0,
cellVoltRaw[80][3], 0,
cellVoltRaw[80][4], 0,
cellVoltRaw[80][5], 0,
cellVoltRaw[80][6], 0,
cellVoltRaw[80][7], 0,
cellVoltRaw[80][8], 0,
cellVoltRaw[80][9], 0,
cellVoltRaw[80][10], 0,
cellVoltRaw[80][11], 0,
cellVoltRaw[80][12], 0,
cellVoltRaw[80][13], 0,
cellVoltRaw[80][14], 0,
cellVoltRaw[81][0], 0,
cellVoltRaw[81][1], 683,
cellVoltRaw[81][2], 0,
cellVoltRaw[81][3], 0,
cellVoltRaw[81][4], 0,
cellVoltRaw[81][5], 0,
cellVoltRaw[81][6], 0,
cellVoltRaw[81][7], 0,
cellVoltRaw[81][8], 0,
cellVoltRaw[81][9], 0,
cellVoltRaw[81][10], 0,
cellVoltRaw[81][11], 0,
cellVoltRaw[81][12], 0,
cellVoltRaw[81][13], 0,
cellVoltRaw[81][14], 0,
cellVoltRaw[82][0], 0,
cellVoltRaw[82][1], 683,
cellVoltRaw[82][2], 0,
cellVoltRaw[82][3], 0,
cellVoltRaw[82][4], 0,
cellVoltRaw[82][5], 0,
cellVoltRaw[82][6], 0,
cellVoltRaw[82][7], 0,
cellVoltRaw[82][8], 0,
cellVoltRaw[82][9], 0,
cellVoltRaw[82][10], 0,
cellVoltRaw[82][11], 0,
cellVoltRaw[82][12], 0,
cellVoltRaw[82][13], 0,
cellVoltRaw[82][14], 0,
cellVoltRaw[83][0], 0,
cellVoltRaw[83][1], 683,
cellVoltRaw[83][2], 0,
cellVoltRaw[83][3], 0,
cellVoltRaw[83][4], 0,
cellVoltRaw[83][5], 0,
cellVoltRaw[83][6], 0,
cellVoltRaw[83][7], 0,
cellVoltRaw[83][8], 0,
cellVoltRaw[83][9], 0,
cellVoltRaw[83][10], 0,
cellVoltRaw[83][11], 0,
cellVoltRaw[83][12], 0,
cellVoltRaw[83][13], 0,
cellVoltRaw[83][14], 0,
cellVoltRaw[84][0], 0,
cellVoltRaw[84][1], 683,
cellVoltRaw[84][2], 0,
cellVoltRaw[84][3], 0,
cellVoltRaw[84][4], 0,
cellVoltRaw[84][5], 0,
cellVoltRaw[84][6], 0,
cellVoltRaw[84][7], 0,
cellVoltRaw[84][8], 0,
cellVoltRaw[84][9], 0,
cellVoltRaw[84][10], 0,
cellVoltRaw[84][11], 0,
cellVoltRaw[84][12], 0,
cellVoltRaw[84][13], 0,
cellVoltRaw[84][14], 0,
cellVoltRaw[85][0], 0,
cellVoltRaw[85][1], 683,
cellVoltRaw[85][2], 0,
cellVoltRaw[85][3], 0,
cellVoltRaw[85][4], 0,
cellVoltRaw[85][5], 0,
cellVoltRaw[85][6], 0,
cellVoltRaw[85][7], 0,
cellVoltRaw[85][8], 0,
cellVoltRaw[85][9], 0,
cellVoltRaw[85][10], 0,
cellVoltRaw[85][11], 0,
cellVoltRaw[85][12], 0,
cellVoltRaw[85][13], 0,
cellVoltRaw[85][14], 0,
cellVoltRaw[86][0], 0,
cellVoltRaw[86][1], 683,
cellVoltRaw[86][2], 0,
cellVoltRaw[86][3], 0,
cellVoltRaw[86][4], 0,
cellVoltRaw[86][5], 0,
cellVoltRaw[86][6], 0,
cellVoltRaw[86][7], 0,
cellVoltRaw[86][8], 0,
cellVoltRaw[86][9], 0,
cellVoltRaw[86][10], 0,
cellVoltRaw[86][11], 0,
cellVoltRaw[86][12], 0,
cellVoltRaw[86][13], 0,
cellVoltRaw[86][14], 0,
cellVoltRaw[87][0], 0,
cellVoltRaw[87][1], 684,
cellVoltRaw[87][2], 0,
cellVoltRaw[87][3], 0,
cellVoltRaw[87][4], 0,
cellVoltRaw[87][5], 0,
cellVoltRaw[87][6], 0,
cellVoltRaw[87][7], 0,
cellVoltRaw[87][8], 0,
cellVoltRaw[87][9], 0,
cellVoltRaw[87][10], 0,
cellVoltRaw[87][11], 0,
cellVoltRaw[87][12], 0,
cellVoltRaw[87][13], 0,
cellVoltRaw[87][14], 0,
cellVoltRaw[88][0], 0,
cellVoltRaw[88][1], 684,
cellVoltRaw[88][2], 0,
cellVoltRaw[88][3], 0,
cellVoltRaw[88][4], 0,
cellVoltRaw[88][5], 0,
cellVoltRaw[88][6], 0,
cellVoltRaw[88][7], 0,
cellVoltRaw[88][8], 0,
cellVoltRaw[88][9], 0,
cellVoltRaw[88][10], 0,
cellVoltRaw[88][11], 0,
cellVoltRaw[88][12], 0,
cellVoltRaw[88][13], 0,
cellVoltRaw[88][14], 0,
cellVoltRaw[89][0], 0,
cellVoltRaw[89][1], 684,
cellVoltRaw[89][2], 0,
cellVoltRaw[89][3], 0,
cellVoltRaw[89][4], 0,
cellVoltRaw[89][5], 0,
cellVoltRaw[89][6], 0,
cellVoltRaw[89][7], 0,
cellVoltRaw[89][8], 0,
cellVoltRaw[89][9], 0,
cellVoltRaw[89][10], 0,
cellVoltRaw[89][11], 0,
cellVoltRaw[89][12], 0,
cellVoltRaw[89][13], 0,
cellVoltRaw[89][14], 0,
cellVoltRaw[90][0], 0,
cellVoltRaw[90][1], 684,
cellVoltRaw[90][2], 0,
cellVoltRaw[90][3], 0,
cellVoltRaw[90][4], 0,
cellVoltRaw[90][5], 0,
cellVoltRaw[90][6], 0,
cellVoltRaw[90][7], 0,
cellVoltRaw[90][8], 0,
cellVoltRaw[90][9], 0,
cellVoltRaw[90][10], 0,
cellVoltRaw[90][11], 0,
cellVoltRaw[90][12], 0,
cellVoltRaw[90][13], 0,
cellVoltRaw[90][14], 0,
cellVoltRaw[91][0], 0,
cellVoltRaw[91][1], 684,
cellVoltRaw[91][2], 0,
cellVoltRaw[91][3], 0,
cellVoltRaw[91][4], 0,
cellVoltRaw[91][5], 0,
cellVoltRaw[91][6], 0,
cellVoltRaw[91][7], 0,
cellVoltRaw[91][8], 0,
cellVoltRaw[91][9], 0,
cellVoltRaw[91][10], 0,
cellVoltRaw[91][11], 0,
cellVoltRaw[91][12], 0,
cellVoltRaw[91][13], 0,
cellVoltRaw[91][14], 0,
cellVoltRaw[92][0], 0,
cellVoltRaw[92][1], 684,
cellVoltRaw[92][2], 0,
cellVoltRaw[92][3], 0,
cellVoltRaw[92][4], 0,
cellVoltRaw[92][5], 0,
cellVoltRaw[92][6], 0,
cellVoltRaw[92][7], 0,
cellVoltRaw[92][8], 0,
cellVoltRaw[92][9], 0,
cellVoltRaw[92][10], 0,
cellVoltRaw[92][11], 0,
cellVoltRaw[92][12], 0,
cellVoltRaw[92][13], 0,
cellVoltRaw[92][14], 0,
cellVoltRaw[93][0], 0,
cellVoltRaw[93][1], 684,
cellVoltRaw[93][2], 0,
cellVoltRaw[93][3], 0,
cellVoltRaw[93][4], 0,
cellVoltRaw[93][5], 0,
cellVoltRaw[93][6], 0,
cellVoltRaw[93][7], 0,
cellVoltRaw[93][8], 0,
cellVoltRaw[93][9], 0,
cellVoltRaw[93][10], 0,
cellVoltRaw[93][11], 0,
cellVoltRaw[93][12], 0,
cellVoltRaw[93][13], 0,
cellVoltRaw[93][14], 0,
cellVoltRaw[94][0], 0,
cellVoltRaw[94][1], 680,
cellVoltRaw[94][2], 0,
cellVoltRaw[94][3], 0,
cellVoltRaw[94][4], 0,
cellVoltRaw[94][5], 0,
cellVoltRaw[94][6], 0,
cellVoltRaw[94][7], 0,
cellVoltRaw[94][8], 0,
cellVoltRaw[94][9], 0,
cellVoltRaw[94][10], 0,
cellVoltRaw[94][11], 0,
cellVoltRaw[94][12], 0,
cellVoltRaw[94][13], 0,
cellVoltRaw[94][14], 0,
cellVoltRaw[95][0], 0,
cellVoltRaw[95][1], 675,
cellVoltRaw[95][2], 0,
cellVoltRaw[95][3], 0,
cellVoltRaw[95][4], 0,
cellVoltRaw[95][5], 0,
cellVoltRaw[95][6], 0,
cellVoltRaw[95][7], 0,
cellVoltRaw[95][8], 0,
cellVoltRaw[95][9], 0,
cellVoltRaw[95][10], 0,
cellVoltRaw[95][11], 0,
cellVoltRaw[95][12], 0,
cellVoltRaw[95][13], 0,
cellVoltRaw[95][14], 0,
cellVoltRaw[96][0], 0,
cellVoltRaw[96][1], 670,
cellVoltRaw[96][2], 0,
cellVoltRaw[96][3], 0,
cellVoltRaw[96][4], 0,
cellVoltRaw[96][5], 0,
cellVoltRaw[96][6], 0,
cellVoltRaw[96][7], 0,
cellVoltRaw[96][8], 0,
cellVoltRaw[96][9], 0,
cellVoltRaw[96][10], 0,
cellVoltRaw[96][11], 0,
cellVoltRaw[96][12], 0,
cellVoltRaw[96][13], 0,
cellVoltRaw[96][14], 0,
cellVoltRaw[97][0], 0,
cellVoltRaw[97][1], 664,
cellVoltRaw[97][2], 0,
cellVoltRaw[97][3], 0,
cellVoltRaw[97][4], 0,
cellVoltRaw[97][5], 0,
cellVoltRaw[97][6], 0,
cellVoltRaw[97][7], 0,
cellVoltRaw[97][8], 0,
cellVoltRaw[97][9], 0,
cellVoltRaw[97][10], 0,
cellVoltRaw[97][11], 0,
cellVoltRaw[97][12], 0,
cellVoltRaw[97][13], 0,
cellVoltRaw[97][14], 0,
cellVoltRaw[98][0], 0,
cellVoltRaw[98][1], 658,
cellVoltRaw[98][2], 0,
cellVoltRaw[98][3], 0,
cellVoltRaw[98][4], 0,
cellVoltRaw[98][5], 0,
cellVoltRaw[98][6], 0,
cellVoltRaw[98][7], 0,
cellVoltRaw[98][8], 0,
cellVoltRaw[98][9], 0,
cellVoltRaw[98][10], 0,
cellVoltRaw[98][11], 0,
cellVoltRaw[98][12], 0,
cellVoltRaw[98][13], 0,
cellVoltRaw[98][14], 0,
cellVoltRaw[99][0], 0,
cellVoltRaw[99][1], 652,
cellVoltRaw[99][2], 0,
cellVoltRaw[99][3], 0,
cellVoltRaw[99][4], 0,
cellVoltRaw[99][5], 0,
cellVoltRaw[99][6], 0,
cellVoltRaw[99][7], 0,
cellVoltRaw[99][8], 0,
cellVoltRaw[99][9], 0,
cellVoltRaw[99][10], 0,
cellVoltRaw[99][11], 0,
cellVoltRaw[99][12], 0,
cellVoltRaw[99][13], 0,
cellVoltRaw[99][14], 0,
cellVoltRaw[100][0], 0,
cellVoltRaw[100][1], 645,
cellVoltRaw[100][2], 0,
cellVoltRaw[100][3], 0,
cellVoltRaw[100][4], 0,
cellVoltRaw[100][5], 0,
cellVoltRaw[100][6], 0,
cellVoltRaw[100][7], 0,
cellVoltRaw[100][8], 0,
cellVoltRaw[100][9], 0,
cellVoltRaw[100][10], 0,
cellVoltRaw[100][11], 0,
cellVoltRaw[100][12], 0,
cellVoltRaw[100][13], 0,
cellVoltRaw[100][14], 0,
cellVoltRaw[101][0], 0,
cellVoltRaw[101][1], 638,
cellVoltRaw[101][2], 0,
cellVoltRaw[101][3], 0,
cellVoltRaw[101][4], 0,
cellVoltRaw[101][5], 0,
cellVoltRaw[101][6], 0,
cellVoltRaw[101][7], 0,
cellVoltRaw[101][8], 0,
cellVoltRaw[101][9], 0,
cellVoltRaw[101][10], 0,
cellVoltRaw[101][11], 0,
cellVoltRaw[101][12], 0,
cellVoltRaw[101][13], 0,
cellVoltRaw[101][14], 0,
cellVoltRaw[102][0], 0,
cellVoltRaw[102][1], 629,
cellVoltRaw[102][2], 0,
cellVoltRaw[102][3], 0,
cellVoltRaw[102][4], 0,
cellVoltRaw[102][5], 0,
cellVoltRaw[102][6], 0,
cellVoltRaw[102][7], 0,
cellVoltRaw[102][8], 0,
cellVoltRaw[102][9], 0,
cellVoltRaw[102][10], 0,
cellVoltRaw[102][11], 0,
cellVoltRaw[102][12], 0,
cellVoltRaw[102][13], 0,
cellVoltRaw[102][14], 0,
cellVoltRaw[103][0], 0,
cellVoltRaw[103][1], 619,
cellVoltRaw[103][2], 0,
cellVoltRaw[103][3], 0,
cellVoltRaw[103][4], 0,
cellVoltRaw[103][5], 0,
cellVoltRaw[103][6], 0,
cellVoltRaw[103][7], 0,
cellVoltRaw[103][8], 0,
cellVoltRaw[103][9], 0,
cellVoltRaw[103][10], 0,
cellVoltRaw[103][11], 0,
cellVoltRaw[103][12], 0,
cellVoltRaw[103][13], 0,
cellVoltRaw[103][14], 0,
cellVoltRaw[104][0], 0,
cellVoltRaw[104][1], 608,
cellVoltRaw[104][2], 0,
cellVoltRaw[104][3], 0,
cellVoltRaw[104][4], 0,
cellVoltRaw[104][5], 0,
cellVoltRaw[104][6], 0,
cellVoltRaw[104][7], 0,
cellVoltRaw[104][8], 0,
cellVoltRaw[104][9], 0,
cellVoltRaw[104][10], 0,
cellVoltRaw[104][11], 0,
cellVoltRaw[104][12], 0,
cellVoltRaw[104][13], 0,
cellVoltRaw[104][14], 0,
cellVoltRaw[105][0], 0,
cellVoltRaw[105][1], 593,
cellVoltRaw[105][2], 0,
cellVoltRaw[105][3], 0,
cellVoltRaw[105][4], 0,
cellVoltRaw[105][5], 0,
cellVoltRaw[105][6], 0,
cellVoltRaw[105][7], 0,
cellVoltRaw[105][8], 0,
cellVoltRaw[105][9], 0,
cellVoltRaw[105][10], 0,
cellVoltRaw[105][11], 0,
cellVoltRaw[105][12], 0,
cellVoltRaw[105][13], 0,
cellVoltRaw[105][14], 0,
cellVoltRaw[106][0], 0,
cellVoltRaw[106][1], 568,
cellVoltRaw[106][2], 0,
cellVoltRaw[106][3], 0,
cellVoltRaw[106][4], 0,
cellVoltRaw[106][5], 0,
cellVoltRaw[106][6], 0,
cellVoltRaw[106][7], 0,
cellVoltRaw[106][8], 0,
cellVoltRaw[106][9], 0,
cellVoltRaw[106][10], 0,
cellVoltRaw[106][11], 0,
cellVoltRaw[106][12], 0,
cellVoltRaw[106][13], 0,
cellVoltRaw[106][14], 0,
cellVoltRaw[107][0], 0,
cellVoltRaw[107][1], 486,
cellVoltRaw[107][2], 0,
cellVoltRaw[107][3], 0,
cellVoltRaw[107][4], 0,
cellVoltRaw[107][5], 0,
cellVoltRaw[107][6], 0,
cellVoltRaw[107][7], 0,
cellVoltRaw[107][8], 0,
cellVoltRaw[107][9], 0,
cellVoltRaw[107][10], 0,
cellVoltRaw[107][11], 0,
cellVoltRaw[107][12], 0,
cellVoltRaw[107][13], 0,
cellVoltRaw[107][14], 0,
cellVoltRaw[108][0], 0,
cellVoltRaw[108][1], 317,
cellVoltRaw[108][2], 0,
cellVoltRaw[108][3], 0,
cellVoltRaw[108][4], 0,
cellVoltRaw[108][5], 0,
cellVoltRaw[108][6], 0,
cellVoltRaw[108][7], 0,
cellVoltRaw[108][8], 0,
cellVoltRaw[108][9], 0,
cellVoltRaw[108][10], 0,
cellVoltRaw[108][11], 0,
cellVoltRaw[108][12], 0,
cellVoltRaw[108][13], 0,
cellVoltRaw[108][14], 0,
cellVoltRaw[109][0], 0,
cellVoltRaw[109][1], 201,
cellVoltRaw[109][2], 0,
cellVoltRaw[109][3], 0,
cellVoltRaw[109][4], 0,
cellVoltRaw[109][5], 0,
cellVoltRaw[109][6], 0,
cellVoltRaw[109][7], 0,
cellVoltRaw[109][8], 0,
cellVoltRaw[109][9], 0,
cellVoltRaw[109][10], 0,
cellVoltRaw[109][11], 0,
cellVoltRaw[109][12], 0,
cellVoltRaw[109][13], 0,
cellVoltRaw[109][14], 0,
cellVoltRaw[110][0], 0,
cellVoltRaw[110][1], 140,
cellVoltRaw[110][2], 0,
cellVoltRaw[110][3], 0,
cellVoltRaw[110][4], 0,
cellVoltRaw[110][5], 0,
cellVoltRaw[110][6], 0,
cellVoltRaw[110][7], 0,
cellVoltRaw[110][8], 0,
cellVoltRaw[110][9], 0,
cellVoltRaw[110][10], 0,
cellVoltRaw[110][11], 0,
cellVoltRaw[110][12], 0,
cellVoltRaw[110][13], 0,
cellVoltRaw[110][14], 0,
cellVoltRaw[111][0], 0,
cellVoltRaw[111][1], 108,
cellVoltRaw[111][2], 0,
cellVoltRaw[111][3], 0,
cellVoltRaw[111][4], 0,
cellVoltRaw[111][5], 0,
cellVoltRaw[111][6], 0,
cellVoltRaw[111][7], 0,
cellVoltRaw[111][8], 0,
cellVoltRaw[111][9], 0,
cellVoltRaw[111][10], 0,
cellVoltRaw[111][11], 0,
cellVoltRaw[111][12], 0,
cellVoltRaw[111][13], 0,
cellVoltRaw[111][14], 0,
cellVoltRaw[112][0], 0,
cellVoltRaw[112][1], 86,
cellVoltRaw[112][2], 0,
cellVoltRaw[112][3], 0,
cellVoltRaw[112][4], 0,
cellVoltRaw[112][5], 0,
cellVoltRaw[112][6], 0,
cellVoltRaw[112][7], 0,
cellVoltRaw[112][8], 0,
cellVoltRaw[112][9], 0,
cellVoltRaw[112][10], 0,
cellVoltRaw[112][11], 0,
cellVoltRaw[112][12], 0,
cellVoltRaw[112][13], 0,
cellVoltRaw[112][14], 0,
cellVoltRaw[113][0], 0,
cellVoltRaw[113][1], 67,
cellVoltRaw[113][2], 0,
cellVoltRaw[113][3], 0,
cellVoltRaw[113][4], 0,
cellVoltRaw[113][5], 0,
cellVoltRaw[113][6], 0,
cellVoltRaw[113][7], 0,
cellVoltRaw[113][8], 0,
cellVoltRaw[113][9], 0,
cellVoltRaw[113][10], 0,
cellVoltRaw[113][11], 0,
cellVoltRaw[113][12], 0,
cellVoltRaw[113][13], 0,
cellVoltRaw[113][14], 0,
cellVoltRaw[114][0], 0,
cellVoltRaw[114][1], 52,
cellVoltRaw[114][2], 0,
cellVoltRaw[114][3], 0,
cellVoltRaw[114][4], 0,
cellVoltRaw[114][5], 0,
cellVoltRaw[114][6], 0,
cellVoltRaw[114][7], 0,
cellVoltRaw[114][8], 0,
cellVoltRaw[114][9], 0,
cellVoltRaw[114][10], 0,
cellVoltRaw[114][11], 0,
cellVoltRaw[114][12], 0,
cellVoltRaw[114][13], 0,
cellVoltRaw[114][14], 0,
cellVoltRaw[115][0], 0,
cellVoltRaw[115][1], 39,
cellVoltRaw[115][2], 0,
cellVoltRaw[115][3], 0,
cellVoltRaw[115][4], 0,
cellVoltRaw[115][5], 0,
cellVoltRaw[115][6], 0,
cellVoltRaw[115][7], 0,
cellVoltRaw[115][8], 0,
cellVoltRaw[115][9], 0,
cellVoltRaw[115][10], 0,
cellVoltRaw[115][11], 0,
cellVoltRaw[115][12], 0,
cellVoltRaw[115][13], 0,
cellVoltRaw[115][14], 0,
cellVoltRaw[116][0], 0,
cellVoltRaw[116][1], 28,
cellVoltRaw[116][2], 0,
cellVoltRaw[116][3], 0,
cellVoltRaw[116][4], 0,
cellVoltRaw[116][5], 0,
cellVoltRaw[116][6], 0,
cellVoltRaw[116][7], 0,
cellVoltRaw[116][8], 0,
cellVoltRaw[116][9], 0,
cellVoltRaw[116][10], 0,
cellVoltRaw[116][11], 0,
cellVoltRaw[116][12], 0,
cellVoltRaw[116][13], 0,
cellVoltRaw[116][14], 0,
cellVoltRaw[117][0], 0,
cellVoltRaw[117][1], 19,
cellVoltRaw[117][2], 0,
cellVoltRaw[117][3], 0,
cellVoltRaw[117][4], 0,
cellVoltRaw[117][5], 0,
cellVoltRaw[117][6], 0,
cellVoltRaw[117][7], 0,
cellVoltRaw[117][8], 0,
cellVoltRaw[117][9], 0,
cellVoltRaw[117][10], 0,
cellVoltRaw[117][11], 0,
cellVoltRaw[117][12], 0,
cellVoltRaw[117][13], 0,
cellVoltRaw[117][14], 0,
cellVoltRaw[118][0], 0,
cellVoltRaw[118][1], 12,
cellVoltRaw[118][2], 0,
cellVoltRaw[118][3], 0,
cellVoltRaw[118][4], 0,
cellVoltRaw[118][5], 0,
cellVoltRaw[118][6], 0,
cellVoltRaw[118][7], 0,
cellVoltRaw[118][8], 0,
cellVoltRaw[118][9], 0,
cellVoltRaw[118][10], 0,
cellVoltRaw[118][11], 0,
cellVoltRaw[118][12], 0,
cellVoltRaw[118][13], 0,
cellVoltRaw[118][14], 0,
cellVoltRaw[119][0], 0,
cellVoltRaw[119][1], 7,
cellVoltRaw[119][2], 0,
cellVoltRaw[119][3], 0,
cellVoltRaw[119][4], 0,
cellVoltRaw[119][5], 0,
cellVoltRaw[119][6], 0,
cellVoltRaw[119][7], 0,
cellVoltRaw[119][8], 0,
cellVoltRaw[119][9], 0,
cellVoltRaw[119][10], 0,
cellVoltRaw[119][11], 0,
cellVoltRaw[119][12], 0,
cellVoltRaw[119][13], 0,
cellVoltRaw[119][14], 0,
cellVoltRaw[120][0], 0,
cellVoltRaw[120][1], 4,
cellVoltRaw[120][2], 0,
cellVoltRaw[120][3], 0,
cellVoltRaw[120][4], 0,
cellVoltRaw[120][5], 0,
cellVoltRaw[120][6], 0,
cellVoltRaw[120][7], 0,
cellVoltRaw[120][8], 0,
cellVoltRaw[120][9], 0,
cellVoltRaw[120][10], 0,
cellVoltRaw[120][11], 0,
cellVoltRaw[120][12], 0,
cellVoltRaw[120][13], 0,
cellVoltRaw[120][14], 0,
cellVoltRaw[121][0], 0,
cellVoltRaw[121][1], 1,
cellVoltRaw[121][2], 0,
cellVoltRaw[121][3], 0,
cellVoltRaw[121][4], 0,
cellVoltRaw[121][5], 0,
cellVoltRaw[121][6], 0,
cellVoltRaw[121][7], 0,
cellVoltRaw[121][8], 0,
cellVoltRaw[121][9], 0,
cellVoltRaw[121][10], 0,
cellVoltRaw[121][11], 0,
cellVoltRaw[121][12], 0,
cellVoltRaw[121][13], 0,
cellVoltRaw[121][14], 0,
cellVoltRaw[122][0], 0,
cellVoltRaw[122][1], 0,
cellVoltRaw[122][2], 0,
cellVoltRaw[122][3], 0,
cellVoltRaw[122][4], 0,
cellVoltRaw[122][5], 0,
cellVoltRaw[122][6], 0,
cellVoltRaw[122][7], 0,
cellVoltRaw[122][8], 0,
cellVoltRaw[122][9], 0,
cellVoltRaw[122][10], 0,
cellVoltRaw[122][11], 0,
cellVoltRaw[122][12], 0,
cellVoltRaw[122][13], 0,
cellVoltRaw[122][14], 0,
cellVoltRaw[123][0], 0,
cellVoltRaw[123][1], 0,
cellVoltRaw[123][2], 0,
cellVoltRaw[123][3], 0,
cellVoltRaw[123][4], 0,
cellVoltRaw[123][5], 0,
cellVoltRaw[123][6], 0,
cellVoltRaw[123][7], 0,
cellVoltRaw[123][8], 0,
cellVoltRaw[123][9], 0,
cellVoltRaw[123][10], 0,
cellVoltRaw[123][11], 0,
cellVoltRaw[123][12], 0,
cellVoltRaw[123][13], 0,
cellVoltRaw[123][14], 0,
cellVoltRaw[124][0], 0,
cellVoltRaw[124][1], 0,
cellVoltRaw[124][2], 0,
cellVoltRaw[124][3], 0,
cellVoltRaw[124][4], 0,
cellVoltRaw[124][5], 0,
cellVoltRaw[124][6], 0,
cellVoltRaw[124][7], 0,
cellVoltRaw[124][8], 0,
cellVoltRaw[124][9], 0,
cellVoltRaw[124][10], 0,
cellVoltRaw[124][11], 0,
cellVoltRaw[124][12], 0,
cellVoltRaw[124][13], 0,
cellVoltRaw[124][14], 0,
cellVoltRaw[125][0], 0,
cellVoltRaw[125][1], 0,
cellVoltRaw[125][2], 0,
cellVoltRaw[125][3], 0,
cellVoltRaw[125][4], 0,
cellVoltRaw[125][5], 0,
cellVoltRaw[125][6], 0,
cellVoltRaw[125][7], 0,
cellVoltRaw[125][8], 0,
cellVoltRaw[125][9], 0,
cellVoltRaw[125][10], 0,
cellVoltRaw[125][11], 0,
cellVoltRaw[125][12], 0,
cellVoltRaw[125][13], 0,
cellVoltRaw[125][14], 0,
cellVoltRaw[126][0], 0,
cellVoltRaw[126][1], 0,
cellVoltRaw[126][2], 0,
cellVoltRaw[126][3], 0,
cellVoltRaw[126][4], 0,
cellVoltRaw[126][5], 0,
cellVoltRaw[126][6], 0,
cellVoltRaw[126][7], 0,
cellVoltRaw[126][8], 0,
cellVoltRaw[126][9], 0,
cellVoltRaw[126][10], 0,
cellVoltRaw[126][11], 0,
cellVoltRaw[126][12], 0,
cellVoltRaw[126][13], 0,
cellVoltRaw[126][14], 0,
cellVoltRaw[127][0], 0,
cellVoltRaw[127][1], 0,
cellVoltRaw[127][2], 0,
cellVoltRaw[127][3], 0,
cellVoltRaw[127][4], 0,
cellVoltRaw[127][5], 0,
cellVoltRaw[127][6], 0,
cellVoltRaw[127][7], 0,
cellVoltRaw[127][8], 0,
cellVoltRaw[127][9], 0,
cellVoltRaw[127][10], 0,
cellVoltRaw[127][11], 0,
cellVoltRaw[127][12], 0,
cellVoltRaw[127][13], 0,
cellVoltRaw[127][14], 0,
cellVoltRaw[128][0], 0,
cellVoltRaw[128][1], 0,
cellVoltRaw[128][2], 0,
cellVoltRaw[128][3], 0,
cellVoltRaw[128][4], 0,
cellVoltRaw[128][5], 0,
cellVoltRaw[128][6], 0,
cellVoltRaw[128][7], 0,
cellVoltRaw[128][8], 0,
cellVoltRaw[128][9], 0,
cellVoltRaw[128][10], 0,
cellVoltRaw[128][11], 0,
cellVoltRaw[128][12], 0,
cellVoltRaw[128][13], 0,
cellVoltRaw[128][14], 0,
cellVoltRaw[129][0], 0,
cellVoltRaw[129][1], 0,
cellVoltRaw[129][2], 0,
cellVoltRaw[129][3], 0,
cellVoltRaw[129][4], 0,
cellVoltRaw[129][5], 0,
cellVoltRaw[129][6], 0,
cellVoltRaw[129][7], 0,
cellVoltRaw[129][8], 0,
cellVoltRaw[129][9], 0,
cellVoltRaw[129][10], 0,
cellVoltRaw[129][11], 0,
cellVoltRaw[129][12], 0,
cellVoltRaw[129][13], 0,
cellVoltRaw[129][14], 0,
cellVoltRaw[130][0], 0,
cellVoltRaw[130][1], 0,
cellVoltRaw[130][2], 0,
cellVoltRaw[130][3], 0,
cellVoltRaw[130][4], 0,
cellVoltRaw[130][5], 0,
cellVoltRaw[130][6], 0,
cellVoltRaw[130][7], 0,
cellVoltRaw[130][8], 0,
cellVoltRaw[130][9], 0,
cellVoltRaw[130][10], 0,
cellVoltRaw[130][11], 0,
cellVoltRaw[130][12], 0,
cellVoltRaw[130][13], 0,
cellVoltRaw[130][14], 0,
cellVoltRaw[131][0], 0,
cellVoltRaw[131][1], 0,
cellVoltRaw[131][2], 0,
cellVoltRaw[131][3], 0,
cellVoltRaw[131][4], 0,
cellVoltRaw[131][5], 0,
cellVoltRaw[131][6], 0,
cellVoltRaw[131][7], 0,
cellVoltRaw[131][8], 0,
cellVoltRaw[131][9], 0,
cellVoltRaw[131][10], 0,
cellVoltRaw[131][11], 0,
cellVoltRaw[131][12], 0,
cellVoltRaw[131][13], 0,
cellVoltRaw[131][14], 0,
cellVoltRaw[132][0], 0,
cellVoltRaw[132][1], 0,
cellVoltRaw[132][2], 0,
cellVoltRaw[132][3], 0,
cellVoltRaw[132][4], 0,
cellVoltRaw[132][5], 0,
cellVoltRaw[132][6], 0,
cellVoltRaw[132][7], 0,
cellVoltRaw[132][8], 0,
cellVoltRaw[132][9], 0,
cellVoltRaw[132][10], 0,
cellVoltRaw[132][11], 0,
cellVoltRaw[132][12], 0,
cellVoltRaw[132][13], 0,
cellVoltRaw[132][14], 0,
cellVoltRaw[133][0], 0,
cellVoltRaw[133][1], 0,
cellVoltRaw[133][2], 0,
cellVoltRaw[133][3], 0,
cellVoltRaw[133][4], 0,
cellVoltRaw[133][5], 0,
cellVoltRaw[133][6], 0,
cellVoltRaw[133][7], 0,
cellVoltRaw[133][8], 0,
cellVoltRaw[133][9], 0,
cellVoltRaw[133][10], 0,
cellVoltRaw[133][11], 0,
cellVoltRaw[133][12], 0,
cellVoltRaw[133][13], 0,
cellVoltRaw[133][14], 0,
cellVoltRaw[134][0], 0,
cellVoltRaw[134][1], 0,
cellVoltRaw[134][2], 0,
cellVoltRaw[134][3], 0,
cellVoltRaw[134][4], 0,
cellVoltRaw[134][5], 0,
cellVoltRaw[134][6], 0,
cellVoltRaw[134][7], 0,
cellVoltRaw[134][8], 0,
cellVoltRaw[134][9], 0,
cellVoltRaw[134][10], 0,
cellVoltRaw[134][11], 0,
cellVoltRaw[134][12], 0,
cellVoltRaw[134][13], 0,
cellVoltRaw[134][14], 0,
cellVoltRaw[135][0], 0,
cellVoltRaw[135][1], 0,
cellVoltRaw[135][2], 0,
cellVoltRaw[135][3], 0,
cellVoltRaw[135][4], 0,
cellVoltRaw[135][5], 0,
cellVoltRaw[135][6], 0,
cellVoltRaw[135][7], 0,
cellVoltRaw[135][8], 0,
cellVoltRaw[135][9], 0,
cellVoltRaw[135][10], 0,
cellVoltRaw[135][11], 0,
cellVoltRaw[135][12], 0,
cellVoltRaw[135][13], 0,
cellVoltRaw[135][14], 0,
cellVoltRaw[136][0], 0,
cellVoltRaw[136][1], 0,
cellVoltRaw[136][2], 0,
cellVoltRaw[136][3], 0,
cellVoltRaw[136][4], 0,
cellVoltRaw[136][5], 0,
cellVoltRaw[136][6], 0,
cellVoltRaw[136][7], 0,
cellVoltRaw[136][8], 0,
cellVoltRaw[136][9], 0,
cellVoltRaw[136][10], 0,
cellVoltRaw[136][11], 0,
cellVoltRaw[136][12], 0,
cellVoltRaw[136][13], 0,
cellVoltRaw[136][14], 0,
cellVoltRaw[137][0], 0,
cellVoltRaw[137][1], 0,
cellVoltRaw[137][2], 0,
cellVoltRaw[137][3], 0,
cellVoltRaw[137][4], 0,
cellVoltRaw[137][5], 0,
cellVoltRaw[137][6], 0,
cellVoltRaw[137][7], 0,
cellVoltRaw[137][8], 0,
cellVoltRaw[137][9], 0,
cellVoltRaw[137][10], 0,
cellVoltRaw[137][11], 0,
cellVoltRaw[137][12], 0,
cellVoltRaw[137][13], 0,
cellVoltRaw[137][14], 0,
cellVoltRaw[138][0], 0,
cellVoltRaw[138][1], 0,
cellVoltRaw[138][2], 0,
cellVoltRaw[138][3], 0,
cellVoltRaw[138][4], 0,
cellVoltRaw[138][5], 0,
cellVoltRaw[138][6], 0,
cellVoltRaw[138][7], 0,
cellVoltRaw[138][8], 0,
cellVoltRaw[138][9], 0,
cellVoltRaw[138][10], 0,
cellVoltRaw[138][11], 0,
cellVoltRaw[138][12], 0,
cellVoltRaw[138][13], 0,
cellVoltRaw[138][14], 0,
cellVoltRaw[139][0], 0,
cellVoltRaw[139][1], 0,
cellVoltRaw[139][2], 0,
cellVoltRaw[139][3], 0,
cellVoltRaw[139][4], 0,
cellVoltRaw[139][5], 0,
cellVoltRaw[139][6], 0,
cellVoltRaw[139][7], 0,
cellVoltRaw[139][8], 0,
cellVoltRaw[139][9], 0,
cellVoltRaw[139][10], 0,
cellVoltRaw[139][11], 0,
cellVoltRaw[139][12], 0,
cellVoltRaw[139][13], 0,
cellVoltRaw[139][14], 0,
cellVoltRaw[140][0], 0,
cellVoltRaw[140][1], 0,
cellVoltRaw[140][2], 0,
cellVoltRaw[140][3], 0,
cellVoltRaw[140][4], 0,
cellVoltRaw[140][5], 0,
cellVoltRaw[140][6], 0,
cellVoltRaw[140][7], 0,
cellVoltRaw[140][8], 0,
cellVoltRaw[140][9], 0,
cellVoltRaw[140][10], 0,
cellVoltRaw[140][11], 0,
cellVoltRaw[140][12], 0,
cellVoltRaw[140][13], 0,
cellVoltRaw[140][14], 0,
cellVoltRaw[141][0], 0,
cellVoltRaw[141][1], 0,
cellVoltRaw[141][2], 0,
cellVoltRaw[141][3], 0,
cellVoltRaw[141][4], 0,
cellVoltRaw[141][5], 0,
cellVoltRaw[141][6], 0,
cellVoltRaw[141][7], 0,
cellVoltRaw[141][8], 0,
cellVoltRaw[141][9], 0,
cellVoltRaw[141][10], 0,
cellVoltRaw[141][11], 0,
cellVoltRaw[141][12], 0,
cellVoltRaw[141][13], 0,
cellVoltRaw[141][14], 0,
cellVoltRaw[142][0], 0,
cellVoltRaw[142][1], 0,
cellVoltRaw[142][2], 0,
cellVoltRaw[142][3], 0,
cellVoltRaw[142][4], 0,
cellVoltRaw[142][5], 0,
cellVoltRaw[142][6], 0,
cellVoltRaw[142][7], 0,
cellVoltRaw[142][8], 0,
cellVoltRaw[142][9], 0,
cellVoltRaw[142][10], 0,
cellVoltRaw[142][11], 0,
cellVoltRaw[142][12], 0,
cellVoltRaw[142][13], 0,
cellVoltRaw[142][14], 0,
cellVoltRaw[143][0], 0,
cellVoltRaw[143][1], 0,
cellVoltRaw[143][2], 0,
cellVoltRaw[143][3], 0,
cellVoltRaw[143][4], 0,
cellVoltRaw[143][5], 0,
cellVoltRaw[143][6], 0,
cellVoltRaw[143][7], 0,
cellVoltRaw[143][8], 0,
cellVoltRaw[143][9], 0,
cellVoltRaw[143][10], 0,
cellVoltRaw[143][11], 0,
cellVoltRaw[143][12], 0,
cellVoltRaw[143][13], 0,
cellVoltRaw[143][14], 0,
cellVoltRaw[144][0], 0,
cellVoltRaw[144][1], 0,
cellVoltRaw[144][2], 0,
cellVoltRaw[144][3], 0,
cellVoltRaw[144][4], 0,
cellVoltRaw[144][5], 0,
cellVoltRaw[144][6], 0,
cellVoltRaw[144][7], 0,
cellVoltRaw[144][8], 0,
cellVoltRaw[144][9], 0,
cellVoltRaw[144][10], 0,
cellVoltRaw[144][11], 0,
cellVoltRaw[144][12], 0,
cellVoltRaw[144][13], 0,
cellVoltRaw[144][14], 0,
cellVoltRaw[145][0], 0,
cellVoltRaw[145][1], 0,
cellVoltRaw[145][2], 0,
cellVoltRaw[145][3], 0,
cellVoltRaw[145][4], 0,
cellVoltRaw[145][5], 0,
cellVoltRaw[145][6], 0,
cellVoltRaw[145][7], 0,
cellVoltRaw[145][8], 0,
cellVoltRaw[145][9], 0,
cellVoltRaw[145][10], 0,
cellVoltRaw[145][11], 0,
cellVoltRaw[145][12], 0,
cellVoltRaw[145][13], 0,
cellVoltRaw[145][14], 0,
cellVoltRaw[146][0], 0,
cellVoltRaw[146][1], 0,
cellVoltRaw[146][2], 0,
cellVoltRaw[146][3], 0,
cellVoltRaw[146][4], 0,
cellVoltRaw[146][5], 0,
cellVoltRaw[146][6], 0,
cellVoltRaw[146][7], 0,
cellVoltRaw[146][8], 0,
cellVoltRaw[146][9], 0,
cellVoltRaw[146][10], 0,
cellVoltRaw[146][11], 0,
cellVoltRaw[146][12], 0,
cellVoltRaw[146][13], 0,
cellVoltRaw[146][14], 0,
cellVoltRaw[147][0], 0,
cellVoltRaw[147][1], 0,
cellVoltRaw[147][2], 0,
cellVoltRaw[147][3], 0,
cellVoltRaw[147][4], 0,
cellVoltRaw[147][5], 0,
cellVoltRaw[147][6], 0,
cellVoltRaw[147][7], 0,
cellVoltRaw[147][8], 0,
cellVoltRaw[147][9], 0,
cellVoltRaw[147][10], 0,
cellVoltRaw[147][11], 0,
cellVoltRaw[147][12], 0,
cellVoltRaw[147][13], 0,
cellVoltRaw[147][14], 0,
cellVoltRaw[148][0], 0,
cellVoltRaw[148][1], 0,
cellVoltRaw[148][2], 0,
cellVoltRaw[148][3], 0,
cellVoltRaw[148][4], 0,
cellVoltRaw[148][5], 0,
cellVoltRaw[148][6], 0,
cellVoltRaw[148][7], 0,
cellVoltRaw[148][8], 0,
cellVoltRaw[148][9], 0,
cellVoltRaw[148][10], 0,
cellVoltRaw[148][11], 0,
cellVoltRaw[148][12], 0,
cellVoltRaw[148][13], 0,
cellVoltRaw[148][14], 0,
cellVoltRaw[149][0], 0,
cellVoltRaw[149][1], 0,
cellVoltRaw[149][2], 0,
cellVoltRaw[149][3], 0,
cellVoltRaw[149][4], 0,
cellVoltRaw[149][5], 0,
cellVoltRaw[149][6], 0,
cellVoltRaw[149][7], 0,
cellVoltRaw[149][8], 0,
cellVoltRaw[149][9], 0,
cellVoltRaw[149][10], 0,
cellVoltRaw[149][11], 0,
cellVoltRaw[149][12], 0,
cellVoltRaw[149][13], 0,
cellVoltRaw[149][14], 0,
cellVoltRaw[150][0], 0,
cellVoltRaw[150][1], 0,
cellVoltRaw[150][2], 0,
cellVoltRaw[150][3], 0,
cellVoltRaw[150][4], 0,
cellVoltRaw[150][5], 0,
cellVoltRaw[150][6], 0,
cellVoltRaw[150][7], 0,
cellVoltRaw[150][8], 0,
cellVoltRaw[150][9], 0,
cellVoltRaw[150][10], 0,
cellVoltRaw[150][11], 0,
cellVoltRaw[150][12], 0,
cellVoltRaw[150][13], 0,
cellVoltRaw[150][14], 0,
cellVoltRaw[151][0], 0,
cellVoltRaw[151][1], 0,
cellVoltRaw[151][2], 0,
cellVoltRaw[151][3], 0,
cellVoltRaw[151][4], 0,
cellVoltRaw[151][5], 0,
cellVoltRaw[151][6], 0,
cellVoltRaw[151][7], 0,
cellVoltRaw[151][8], 0,
cellVoltRaw[151][9], 0,
cellVoltRaw[151][10], 0,
cellVoltRaw[151][11], 0,
cellVoltRaw[151][12], 0,
cellVoltRaw[151][13], 0,
cellVoltRaw[151][14], 0,
cellVoltRaw[152][0], 0,
cellVoltRaw[152][1], 0,
cellVoltRaw[152][2], 0,
cellVoltRaw[152][3], 0,
cellVoltRaw[152][4], 0,
cellVoltRaw[152][5], 0,
cellVoltRaw[152][6], 0,
cellVoltRaw[152][7], 0,
cellVoltRaw[152][8], 0,
cellVoltRaw[152][9], 0,
cellVoltRaw[152][10], 0,
cellVoltRaw[152][11], 0,
cellVoltRaw[152][12], 0,
cellVoltRaw[152][13], 0,
cellVoltRaw[152][14], 0,
cellVoltRaw[153][0], 0,
cellVoltRaw[153][1], 0,
cellVoltRaw[153][2], 0,
cellVoltRaw[153][3], 0,
cellVoltRaw[153][4], 0,
cellVoltRaw[153][5], 0,
cellVoltRaw[153][6], 0,
cellVoltRaw[153][7], 0,
cellVoltRaw[153][8], 0,
cellVoltRaw[153][9], 0,
cellVoltRaw[153][10], 0,
cellVoltRaw[153][11], 0,
cellVoltRaw[153][12], 0,
cellVoltRaw[153][13], 0,
cellVoltRaw[153][14], 0,
cellVoltRaw[154][0], 0,
cellVoltRaw[154][1], 0,
cellVoltRaw[154][2], 0,
cellVoltRaw[154][3], 0,
cellVoltRaw[154][4], 0,
cellVoltRaw[154][5], 0,
cellVoltRaw[154][6], 0,
cellVoltRaw[154][7], 0,
cellVoltRaw[154][8], 0,
cellVoltRaw[154][9], 0,
cellVoltRaw[154][10], 0,
cellVoltRaw[154][11], 0,
cellVoltRaw[154][12], 0,
cellVoltRaw[154][13], 0,
cellVoltRaw[154][14], 0,
cellVoltRaw[155][0], 0,
cellVoltRaw[155][1], 0,
cellVoltRaw[155][2], 0,
cellVoltRaw[155][3], 0,
cellVoltRaw[155][4], 0,
cellVoltRaw[155][5], 0,
cellVoltRaw[155][6], 0,
cellVoltRaw[155][7], 0,
cellVoltRaw[155][8], 0,
cellVoltRaw[155][9], 0,
cellVoltRaw[155][10], 0,
cellVoltRaw[155][11], 0,
cellVoltRaw[155][12], 0,
cellVoltRaw[155][13], 0,
cellVoltRaw[155][14], 0,
cellVoltRaw[156][0], 0,
cellVoltRaw[156][1], 0,
cellVoltRaw[156][2], 0,
cellVoltRaw[156][3], 0,
cellVoltRaw[156][4], 0,
cellVoltRaw[156][5], 0,
cellVoltRaw[156][6], 0,
cellVoltRaw[156][7], 0,
cellVoltRaw[156][8], 0,
cellVoltRaw[156][9], 0,
cellVoltRaw[156][10], 0,
cellVoltRaw[156][11], 0,
cellVoltRaw[156][12], 0,
cellVoltRaw[156][13], 0,
cellVoltRaw[156][14], 0,
cellVoltRaw[157][0], 0,
cellVoltRaw[157][1], 0,
cellVoltRaw[157][2], 0,
cellVoltRaw[157][3], 0,
cellVoltRaw[157][4], 0,
cellVoltRaw[157][5], 0,
cellVoltRaw[157][6], 0,
cellVoltRaw[157][7], 0,
cellVoltRaw[157][8], 0,
cellVoltRaw[157][9], 0,
cellVoltRaw[157][10], 0,
cellVoltRaw[157][11], 0,
cellVoltRaw[157][12], 0,
cellVoltRaw[157][13], 0,
cellVoltRaw[157][14], 0,
cellVoltRaw[158][0], 0,
cellVoltRaw[158][1], 0,
cellVoltRaw[158][2], 0,
cellVoltRaw[158][3], 0,
cellVoltRaw[158][4], 0,
cellVoltRaw[158][5], 0,
cellVoltRaw[158][6], 0,
cellVoltRaw[158][7], 0,
cellVoltRaw[158][8], 0,
cellVoltRaw[158][9], 0,
cellVoltRaw[158][10], 0,
cellVoltRaw[158][11], 0,
cellVoltRaw[158][12], 0,
cellVoltRaw[158][13], 0,
cellVoltRaw[158][14], 0,
cellVoltRaw[159][0], 0,
cellVoltRaw[159][1], 0,
cellVoltRaw[159][2], 0,
cellVoltRaw[159][3], 0,
cellVoltRaw[159][4], 0,
cellVoltRaw[159][5], 0,
cellVoltRaw[159][6], 0,
cellVoltRaw[159][7], 0,
cellVoltRaw[159][8], 0,
cellVoltRaw[159][9], 0,
cellVoltRaw[159][10], 0,
cellVoltRaw[159][11], 0,
cellVoltRaw[159][12], 0,
cellVoltRaw[159][13], 0,
cellVoltRaw[159][14], 0,
cellVoltRaw[160][0], 0,
cellVoltRaw[160][1], 0,
cellVoltRaw[160][2], 0,
cellVoltRaw[160][3], 0,
cellVoltRaw[160][4], 0,
cellVoltRaw[160][5], 0,
cellVoltRaw[160][6], 0,
cellVoltRaw[160][7], 0,
cellVoltRaw[160][8], 0,
cellVoltRaw[160][9], 0,
cellVoltRaw[160][10], 0,
cellVoltRaw[160][11], 0,
cellVoltRaw[160][12], 0,
cellVoltRaw[160][13], 0,
cellVoltRaw[160][14], 0,
cellVoltRaw[161][0], 0,
cellVoltRaw[161][1], 0,
cellVoltRaw[161][2], 0,
cellVoltRaw[161][3], 0,
cellVoltRaw[161][4], 0,
cellVoltRaw[161][5], 0,
cellVoltRaw[161][6], 0,
cellVoltRaw[161][7], 0,
cellVoltRaw[161][8], 0,
cellVoltRaw[161][9], 0,
cellVoltRaw[161][10], 0,
cellVoltRaw[161][11], 0,
cellVoltRaw[161][12], 0,
cellVoltRaw[161][13], 0,
cellVoltRaw[161][14], 0,
cellVoltRaw[162][0], 0,
cellVoltRaw[162][1], 0,
cellVoltRaw[162][2], 0,
cellVoltRaw[162][3], 0,
cellVoltRaw[162][4], 0,
cellVoltRaw[162][5], 0,
cellVoltRaw[162][6], 0,
cellVoltRaw[162][7], 0,
cellVoltRaw[162][8], 0,
cellVoltRaw[162][9], 0,
cellVoltRaw[162][10], 0,
cellVoltRaw[162][11], 0,
cellVoltRaw[162][12], 0,
cellVoltRaw[162][13], 0,
cellVoltRaw[162][14], 0,
cellVoltRaw[163][0], 0,
cellVoltRaw[163][1], 0,
cellVoltRaw[163][2], 0,
cellVoltRaw[163][3], 0,
cellVoltRaw[163][4], 0,
cellVoltRaw[163][5], 0,
cellVoltRaw[163][6], 0,
cellVoltRaw[163][7], 0,
cellVoltRaw[163][8], 0,
cellVoltRaw[163][9], 0,
cellVoltRaw[163][10], 0,
cellVoltRaw[163][11], 0,
cellVoltRaw[163][12], 0,
cellVoltRaw[163][13], 0,
cellVoltRaw[163][14], 0,
cellVoltRaw[164][0], 0,
cellVoltRaw[164][1], 495,
cellVoltRaw[164][2], 0,
cellVoltRaw[164][3], 0,
cellVoltRaw[164][4], 0,
cellVoltRaw[164][5], 0,
cellVoltRaw[164][6], 0,
cellVoltRaw[164][7], 0,
cellVoltRaw[164][8], 0,
cellVoltRaw[164][9], 0,
cellVoltRaw[164][10], 0,
cellVoltRaw[164][11], 0,
cellVoltRaw[164][12], 0,
cellVoltRaw[164][13], 0,
cellVoltRaw[164][14], 0,
cellVoltRaw[165][0], 0,
cellVoltRaw[165][1], 574,
cellVoltRaw[165][2], 0,
cellVoltRaw[165][3], 0,
cellVoltRaw[165][4], 0,
cellVoltRaw[165][5], 0,
cellVoltRaw[165][6], 0,
cellVoltRaw[165][7], 0,
cellVoltRaw[165][8], 0,
cellVoltRaw[165][9], 0,
cellVoltRaw[165][10], 0,
cellVoltRaw[165][11], 0,
cellVoltRaw[165][12], 0,
cellVoltRaw[165][13], 0,
cellVoltRaw[165][14], 0,
cellVoltRaw[166][0], 0,
cellVoltRaw[166][1], 596,
cellVoltRaw[166][2], 0,
cellVoltRaw[166][3], 0,
cellVoltRaw[166][4], 0,
cellVoltRaw[166][5], 0,
cellVoltRaw[166][6], 0,
cellVoltRaw[166][7], 0,
cellVoltRaw[166][8], 0,
cellVoltRaw[166][9], 0,
cellVoltRaw[166][10], 0,
cellVoltRaw[166][11], 0,
cellVoltRaw[166][12], 0,
cellVoltRaw[166][13], 0,
cellVoltRaw[166][14], 0,
cellVoltRaw[167][0], 0,
cellVoltRaw[167][1], 610,
cellVoltRaw[167][2], 0,
cellVoltRaw[167][3], 0,
cellVoltRaw[167][4], 0,
cellVoltRaw[167][5], 0,
cellVoltRaw[167][6], 0,
cellVoltRaw[167][7], 0,
cellVoltRaw[167][8], 0,
cellVoltRaw[167][9], 0,
cellVoltRaw[167][10], 0,
cellVoltRaw[167][11], 0,
cellVoltRaw[167][12], 0,
cellVoltRaw[167][13], 0,
cellVoltRaw[167][14], 0,
cellVoltRaw[168][0], 0,
cellVoltRaw[168][1], 620,
cellVoltRaw[168][2], 0,
cellVoltRaw[168][3], 0,
cellVoltRaw[168][4], 0,
cellVoltRaw[168][5], 0,
cellVoltRaw[168][6], 0,
cellVoltRaw[168][7], 0,
cellVoltRaw[168][8], 0,
cellVoltRaw[168][9], 0,
cellVoltRaw[168][10], 0,
cellVoltRaw[168][11], 0,
cellVoltRaw[168][12], 0,
cellVoltRaw[168][13], 0,
cellVoltRaw[168][14], 0,
cellVoltRaw[169][0], 0,
cellVoltRaw[169][1], 626,
cellVoltRaw[169][2], 0,
cellVoltRaw[169][3], 0,
cellVoltRaw[169][4], 0,
cellVoltRaw[169][5], 0,
cellVoltRaw[169][6], 0,
cellVoltRaw[169][7], 0,
cellVoltRaw[169][8], 0,
cellVoltRaw[169][9], 0,
cellVoltRaw[169][10], 0,
cellVoltRaw[169][11], 0,
cellVoltRaw[169][12], 0,
cellVoltRaw[169][13], 0,
cellVoltRaw[169][14], 0,
cellVoltRaw[170][0], 0,
cellVoltRaw[170][1], 632,
cellVoltRaw[170][2], 0,
cellVoltRaw[170][3], 0,
cellVoltRaw[170][4], 0,
cellVoltRaw[170][5], 0,
cellVoltRaw[170][6], 0,
cellVoltRaw[170][7], 0,
cellVoltRaw[170][8], 0,
cellVoltRaw[170][9], 0,
cellVoltRaw[170][10], 0,
cellVoltRaw[170][11], 0,
cellVoltRaw[170][12], 0,
cellVoltRaw[170][13], 0,
cellVoltRaw[170][14], 0,
cellVoltRaw[171][0], 0,
cellVoltRaw[171][1], 637,
cellVoltRaw[171][2], 0,
cellVoltRaw[171][3], 0,
cellVoltRaw[171][4], 0,
cellVoltRaw[171][5], 0,
cellVoltRaw[171][6], 0,
cellVoltRaw[171][7], 0,
cellVoltRaw[171][8], 0,
cellVoltRaw[171][9], 0,
cellVoltRaw[171][10], 0,
cellVoltRaw[171][11], 0,
cellVoltRaw[171][12], 0,
cellVoltRaw[171][13], 0,
cellVoltRaw[171][14], 0,
cellVoltRaw[172][0], 0,
cellVoltRaw[172][1], 641,
cellVoltRaw[172][2], 0,
cellVoltRaw[172][3], 0,
cellVoltRaw[172][4], 0,
cellVoltRaw[172][5], 0,
cellVoltRaw[172][6], 0,
cellVoltRaw[172][7], 0,
cellVoltRaw[172][8], 0,
cellVoltRaw[172][9], 0,
cellVoltRaw[172][10], 0,
cellVoltRaw[172][11], 0,
cellVoltRaw[172][12], 0,
cellVoltRaw[172][13], 0,
cellVoltRaw[172][14], 0,
cellVoltRaw[173][0], 0,
cellVoltRaw[173][1], 645,
cellVoltRaw[173][2], 0,
cellVoltRaw[173][3], 0,
cellVoltRaw[173][4], 0,
cellVoltRaw[173][5], 0,
cellVoltRaw[173][6], 0,
cellVoltRaw[173][7], 0,
cellVoltRaw[173][8], 0,
cellVoltRaw[173][9], 0,
cellVoltRaw[173][10], 0,
cellVoltRaw[173][11], 0,
cellVoltRaw[173][12], 0,
cellVoltRaw[173][13], 0,
cellVoltRaw[173][14], 0,
cellVoltRaw[174][0], 0,
cellVoltRaw[174][1], 648,
cellVoltRaw[174][2], 0,
cellVoltRaw[174][3], 0,
cellVoltRaw[174][4], 0,
cellVoltRaw[174][5], 0,
cellVoltRaw[174][6], 0,
cellVoltRaw[174][7], 0,
cellVoltRaw[174][8], 0,
cellVoltRaw[174][9], 0,
cellVoltRaw[174][10], 0,
cellVoltRaw[174][11], 0,
cellVoltRaw[174][12], 0,
cellVoltRaw[174][13], 0,
cellVoltRaw[174][14], 0,
cellVoltRaw[175][0], 0,
cellVoltRaw[175][1], 651,
cellVoltRaw[175][2], 0,
cellVoltRaw[175][3], 0,
cellVoltRaw[175][4], 0,
cellVoltRaw[175][5], 0,
cellVoltRaw[175][6], 0,
cellVoltRaw[175][7], 0,
cellVoltRaw[175][8], 0,
cellVoltRaw[175][9], 0,
cellVoltRaw[175][10], 0,
cellVoltRaw[175][11], 0,
cellVoltRaw[175][12], 0,
cellVoltRaw[175][13], 0,
cellVoltRaw[175][14], 0,
cellVoltRaw[176][0], 0,
cellVoltRaw[176][1], 653,
cellVoltRaw[176][2], 0,
cellVoltRaw[176][3], 0,
cellVoltRaw[176][4], 0,
cellVoltRaw[176][5], 0,
cellVoltRaw[176][6], 0,
cellVoltRaw[176][7], 0,
cellVoltRaw[176][8], 0,
cellVoltRaw[176][9], 0,
cellVoltRaw[176][10], 0,
cellVoltRaw[176][11], 0,
cellVoltRaw[176][12], 0,
cellVoltRaw[176][13], 0,
cellVoltRaw[176][14], 0,
cellVoltRaw[177][0], 0,
cellVoltRaw[177][1], 655,
cellVoltRaw[177][2], 0,
cellVoltRaw[177][3], 0,
cellVoltRaw[177][4], 0,
cellVoltRaw[177][5], 0,
cellVoltRaw[177][6], 0,
cellVoltRaw[177][7], 0,
cellVoltRaw[177][8], 0,
cellVoltRaw[177][9], 0,
cellVoltRaw[177][10], 0,
cellVoltRaw[177][11], 0,
cellVoltRaw[177][12], 0,
cellVoltRaw[177][13], 0,
cellVoltRaw[177][14], 0,
cellVoltRaw[178][0], 0,
cellVoltRaw[178][1], 657,
cellVoltRaw[178][2], 0,
cellVoltRaw[178][3], 0,
cellVoltRaw[178][4], 0,
cellVoltRaw[178][5], 0,
cellVoltRaw[178][6], 0,
cellVoltRaw[178][7], 0,
cellVoltRaw[178][8], 0,
cellVoltRaw[178][9], 0,
cellVoltRaw[178][10], 0,
cellVoltRaw[178][11], 0,
cellVoltRaw[178][12], 0,
cellVoltRaw[178][13], 0,
cellVoltRaw[178][14], 0,
cellVoltRaw[179][0], 0,
cellVoltRaw[179][1], 659,
cellVoltRaw[179][2], 0,
cellVoltRaw[179][3], 0,
cellVoltRaw[179][4], 0,
cellVoltRaw[179][5], 0,
cellVoltRaw[179][6], 0,
cellVoltRaw[179][7], 0,
cellVoltRaw[179][8], 0,
cellVoltRaw[179][9], 0,
cellVoltRaw[179][10], 0,
cellVoltRaw[179][11], 0,
cellVoltRaw[179][12], 0,
cellVoltRaw[179][13], 0,
cellVoltRaw[179][14], 0,
cellVoltRaw[180][0], 0,
cellVoltRaw[180][1], 660,
cellVoltRaw[180][2], 0,
cellVoltRaw[180][3], 0,
cellVoltRaw[180][4], 0,
cellVoltRaw[180][5], 0,
cellVoltRaw[180][6], 0,
cellVoltRaw[180][7], 0,
cellVoltRaw[180][8], 0,
cellVoltRaw[180][9], 0,
cellVoltRaw[180][10], 0,
cellVoltRaw[180][11], 0,
cellVoltRaw[180][12], 0,
cellVoltRaw[180][13], 0,
cellVoltRaw[180][14], 0,
cellVoltRaw[181][0], 0,
cellVoltRaw[181][1], 662,
cellVoltRaw[181][2], 0,
cellVoltRaw[181][3], 0,
cellVoltRaw[181][4], 0,
cellVoltRaw[181][5], 0,
cellVoltRaw[181][6], 0,
cellVoltRaw[181][7], 0,
cellVoltRaw[181][8], 0,
cellVoltRaw[181][9], 0,
cellVoltRaw[181][10], 0,
cellVoltRaw[181][11], 0,
cellVoltRaw[181][12], 0,
cellVoltRaw[181][13], 0,
cellVoltRaw[181][14], 0,
cellVoltRaw[182][0], 0,
cellVoltRaw[182][1], 663,
cellVoltRaw[182][2], 0,
cellVoltRaw[182][3], 0,
cellVoltRaw[182][4], 0,
cellVoltRaw[182][5], 0,
cellVoltRaw[182][6], 0,
cellVoltRaw[182][7], 0,
cellVoltRaw[182][8], 0,
cellVoltRaw[182][9], 0,
cellVoltRaw[182][10], 0,
cellVoltRaw[182][11], 0,
cellVoltRaw[182][12], 0,
cellVoltRaw[182][13], 0,
cellVoltRaw[182][14], 0,
cellVoltRaw[183][0], 0,
cellVoltRaw[183][1], 665,
cellVoltRaw[183][2], 0,
cellVoltRaw[183][3], 0,
cellVoltRaw[183][4], 0,
cellVoltRaw[183][5], 0,
cellVoltRaw[183][6], 0,
cellVoltRaw[183][7], 0,
cellVoltRaw[183][8], 0,
cellVoltRaw[183][9], 0,
cellVoltRaw[183][10], 0,
cellVoltRaw[183][11], 0,
cellVoltRaw[183][12], 0,
cellVoltRaw[183][13], 0,
cellVoltRaw[183][14], 0,
cellVoltRaw[184][0], 0,
cellVoltRaw[184][1], 666,
cellVoltRaw[184][2], 0,
cellVoltRaw[184][3], 0,
cellVoltRaw[184][4], 0,
cellVoltRaw[184][5], 0,
cellVoltRaw[184][6], 0,
cellVoltRaw[184][7], 0,
cellVoltRaw[184][8], 0,
cellVoltRaw[184][9], 0,
cellVoltRaw[184][10], 0,
cellVoltRaw[184][11], 0,
cellVoltRaw[184][12], 0,
cellVoltRaw[184][13], 0,
cellVoltRaw[184][14], 0,
cellVoltRaw[185][0], 0,
cellVoltRaw[185][1], 667,
cellVoltRaw[185][2], 0,
cellVoltRaw[185][3], 0,
cellVoltRaw[185][4], 0,
cellVoltRaw[185][5], 0,
cellVoltRaw[185][6], 0,
cellVoltRaw[185][7], 0,
cellVoltRaw[185][8], 0,
cellVoltRaw[185][9], 0,
cellVoltRaw[185][10], 0,
cellVoltRaw[185][11], 0,
cellVoltRaw[185][12], 0,
cellVoltRaw[185][13], 0,
cellVoltRaw[185][14], 0,
cellVoltRaw[186][0], 0,
cellVoltRaw[186][1], 668,
cellVoltRaw[186][2], 0,
cellVoltRaw[186][3], 0,
cellVoltRaw[186][4], 0,
cellVoltRaw[186][5], 0,
cellVoltRaw[186][6], 0,
cellVoltRaw[186][7], 0,
cellVoltRaw[186][8], 0,
cellVoltRaw[186][9], 0,
cellVoltRaw[186][10], 0,
cellVoltRaw[186][11], 0,
cellVoltRaw[186][12], 0,
cellVoltRaw[186][13], 0,
cellVoltRaw[186][14], 0,
cellVoltRaw[187][0], 0,
cellVoltRaw[187][1], 669,
cellVoltRaw[187][2], 0,
cellVoltRaw[187][3], 0,
cellVoltRaw[187][4], 0,
cellVoltRaw[187][5], 0,
cellVoltRaw[187][6], 0,
cellVoltRaw[187][7], 0,
cellVoltRaw[187][8], 0,
cellVoltRaw[187][9], 0,
cellVoltRaw[187][10], 0,
cellVoltRaw[187][11], 0,
cellVoltRaw[187][12], 0,
cellVoltRaw[187][13], 0,
cellVoltRaw[187][14], 0,
cellVoltRaw[188][0], 0,
cellVoltRaw[188][1], 670,
cellVoltRaw[188][2], 0,
cellVoltRaw[188][3], 0,
cellVoltRaw[188][4], 0,
cellVoltRaw[188][5], 0,
cellVoltRaw[188][6], 0,
cellVoltRaw[188][7], 0,
cellVoltRaw[188][8], 0,
cellVoltRaw[188][9], 0,
cellVoltRaw[188][10], 0,
cellVoltRaw[188][11], 0,
cellVoltRaw[188][12], 0,
cellVoltRaw[188][13], 0,
cellVoltRaw[188][14], 0,
cellVoltRaw[189][0], 0,
cellVoltRaw[189][1], 671,
cellVoltRaw[189][2], 0,
cellVoltRaw[189][3], 0,
cellVoltRaw[189][4], 0,
cellVoltRaw[189][5], 0,
cellVoltRaw[189][6], 0,
cellVoltRaw[189][7], 0,
cellVoltRaw[189][8], 0,
cellVoltRaw[189][9], 0,
cellVoltRaw[189][10], 0,
cellVoltRaw[189][11], 0,
cellVoltRaw[189][12], 0,
cellVoltRaw[189][13], 0,
cellVoltRaw[189][14], 0,
cellVoltRaw[190][0], 0,
cellVoltRaw[190][1], 671,
cellVoltRaw[190][2], 0,
cellVoltRaw[190][3], 0,
cellVoltRaw[190][4], 0,
cellVoltRaw[190][5], 0,
cellVoltRaw[190][6], 0,
cellVoltRaw[190][7], 0,
cellVoltRaw[190][8], 0,
cellVoltRaw[190][9], 0,
cellVoltRaw[190][10], 0,
cellVoltRaw[190][11], 0,
cellVoltRaw[190][12], 0,
cellVoltRaw[190][13], 0,
cellVoltRaw[190][14], 0,
cellVoltRaw[191][0], 0,
cellVoltRaw[191][1], 672,
cellVoltRaw[191][2], 0,
cellVoltRaw[191][3], 0,
cellVoltRaw[191][4], 0,
cellVoltRaw[191][5], 0,
cellVoltRaw[191][6], 0,
cellVoltRaw[191][7], 0,
cellVoltRaw[191][8], 0,
cellVoltRaw[191][9], 0,
cellVoltRaw[191][10], 0,
cellVoltRaw[191][11], 0,
cellVoltRaw[191][12], 0,
cellVoltRaw[191][13], 0,
cellVoltRaw[191][14], 0,
cellVoltRaw[192][0], 0,
cellVoltRaw[192][1], 673,
cellVoltRaw[192][2], 0,
cellVoltRaw[192][3], 0,
cellVoltRaw[192][4], 0,
cellVoltRaw[192][5], 0,
cellVoltRaw[192][6], 0,
cellVoltRaw[192][7], 0,
cellVoltRaw[192][8], 0,
cellVoltRaw[192][9], 0,
cellVoltRaw[192][10], 0,
cellVoltRaw[192][11], 0,
cellVoltRaw[192][12], 0,
cellVoltRaw[192][13], 0,
cellVoltRaw[192][14], 0,
cellVoltRaw[193][0], 0,
cellVoltRaw[193][1], 673,
cellVoltRaw[193][2], 0,
cellVoltRaw[193][3], 0,
cellVoltRaw[193][4], 0,
cellVoltRaw[193][5], 0,
cellVoltRaw[193][6], 0,
cellVoltRaw[193][7], 0,
cellVoltRaw[193][8], 0,
cellVoltRaw[193][9], 0,
cellVoltRaw[193][10], 0,
cellVoltRaw[193][11], 0,
cellVoltRaw[193][12], 0,
cellVoltRaw[193][13], 0,
cellVoltRaw[193][14], 0,
cellVoltRaw[194][0], 0,
cellVoltRaw[194][1], 674,
cellVoltRaw[194][2], 0,
cellVoltRaw[194][3], 0,
cellVoltRaw[194][4], 0,
cellVoltRaw[194][5], 0,
cellVoltRaw[194][6], 0,
cellVoltRaw[194][7], 0,
cellVoltRaw[194][8], 0,
cellVoltRaw[194][9], 0,
cellVoltRaw[194][10], 0,
cellVoltRaw[194][11], 0,
cellVoltRaw[194][12], 0,
cellVoltRaw[194][13], 0,
cellVoltRaw[194][14], 0,
cellVoltRaw[195][0], 0,
cellVoltRaw[195][1], 675,
cellVoltRaw[195][2], 0,
cellVoltRaw[195][3], 0,
cellVoltRaw[195][4], 0,
cellVoltRaw[195][5], 0,
cellVoltRaw[195][6], 0,
cellVoltRaw[195][7], 0,
cellVoltRaw[195][8], 0,
cellVoltRaw[195][9], 0,
cellVoltRaw[195][10], 0,
cellVoltRaw[195][11], 0,
cellVoltRaw[195][12], 0,
cellVoltRaw[195][13], 0,
cellVoltRaw[195][14], 0,
cellVoltRaw[196][0], 0,
cellVoltRaw[196][1], 675,
cellVoltRaw[196][2], 0,
cellVoltRaw[196][3], 0,
cellVoltRaw[196][4], 0,
cellVoltRaw[196][5], 0,
cellVoltRaw[196][6], 0,
cellVoltRaw[196][7], 0,
cellVoltRaw[196][8], 0,
cellVoltRaw[196][9], 0,
cellVoltRaw[196][10], 0,
cellVoltRaw[196][11], 0,
cellVoltRaw[196][12], 0,
cellVoltRaw[196][13], 0,
cellVoltRaw[196][14], 0,
cellVoltRaw[197][0], 0,
cellVoltRaw[197][1], 676,
cellVoltRaw[197][2], 0,
cellVoltRaw[197][3], 0,
cellVoltRaw[197][4], 0,
cellVoltRaw[197][5], 0,
cellVoltRaw[197][6], 0,
cellVoltRaw[197][7], 0,
cellVoltRaw[197][8], 0,
cellVoltRaw[197][9], 0,
cellVoltRaw[197][10], 0,
cellVoltRaw[197][11], 0,
cellVoltRaw[197][12], 0,
cellVoltRaw[197][13], 0,
cellVoltRaw[197][14], 0,
cellVoltRaw[198][0], 0,
cellVoltRaw[198][1], 676,
cellVoltRaw[198][2], 0,
cellVoltRaw[198][3], 0,
cellVoltRaw[198][4], 0,
cellVoltRaw[198][5], 0,
cellVoltRaw[198][6], 0,
cellVoltRaw[198][7], 0,
cellVoltRaw[198][8], 0,
cellVoltRaw[198][9], 0,
cellVoltRaw[198][10], 0,
cellVoltRaw[198][11], 0,
cellVoltRaw[198][12], 0,
cellVoltRaw[198][13], 0,
cellVoltRaw[198][14], 0,
cellVoltRaw[199][0], 0,
cellVoltRaw[199][1], 677,
cellVoltRaw[199][2], 0,
cellVoltRaw[199][3], 0,
cellVoltRaw[199][4], 0,
cellVoltRaw[199][5], 0,
cellVoltRaw[199][6], 0,
cellVoltRaw[199][7], 0,
cellVoltRaw[199][8], 0,
cellVoltRaw[199][9], 0,
cellVoltRaw[199][10], 0,
cellVoltRaw[199][11], 0,
cellVoltRaw[199][12], 0,
cellVoltRaw[199][13], 0,
cellVoltRaw[199][14], 0,
