cellVoltRaw[0][0], 408,
cellVoltRaw[0][1], 637,
cellVoltRaw[0][2], 498,
cellVoltRaw[0][3], 0,
cellVoltRaw[0][4], 0,
cellVoltRaw[0][5], 0,
cellVoltRaw[0][6], 0,
cellVoltRaw[0][7], 0,
cellVoltRaw[0][8], 0,
cellVoltRaw[0][9], 0,
cellVoltRaw[0][10], 0,
cellVoltRaw[0][11], 0,
cellVoltRaw[0][12], 0,
cellVoltRaw[0][13], 0,
cellVoltRaw[0][14], 0,
cellVoltRaw[1][0], 440,
cellVoltRaw[1][1], 675,
cellVoltRaw[1][2], 379,
cellVoltRaw[1][3], 0,
cellVoltRaw[1][4], 0,
cellVoltRaw[1][5], 0,
cellVoltRaw[1][6], 0,
cellVoltRaw[1][7], 0,
cellVoltRaw[1][8], 0,
cellVoltRaw[1][9], 0,
cellVoltRaw[1][10], 0,
cellVoltRaw[1][11], 0,
cellVoltRaw[1][12], 0,
cellVoltRaw[1][13], 0,
cellVoltRaw[1][14], 0,
cellVoltRaw[2][0], 430,
cellVoltRaw[2][1], 178,
cellVoltRaw[2][2], 420,
cellVoltRaw[2][3], 0,
cellVoltRaw[2][4], 0,
cellVoltRaw[2][5], 0,
cellVoltRaw[2][6], 0,
cellVoltRaw[2][7], 0,
cellVoltRaw[2][8], 0,
cellVoltRaw[2][9], 0,
cellVoltRaw[2][10], 0,
cellVoltRaw[2][11], 0,
cellVoltRaw[2][12], 0,
cellVoltRaw[2][13], 0,
cellVoltRaw[2][14], 0,
cellVoltRaw[3][0], 438,
cellVoltRaw[3][1], 0,
cellVoltRaw[3][2], 479,
cellVoltRaw[3][3], 0,
cellVoltRaw[3][4], 0,
cellVoltRaw[3][5], 0,
cellVoltRaw[3][6], 0,
cellVoltRaw[3][7], 0,
cellVoltRaw[3][8], 0,
cellVoltRaw[3][9], 0,
cellVoltRaw[3][10], 0,
cellVoltRaw[3][11], 0,
cellVoltRaw[3][12], 0,
cellVoltRaw[3][13], 0,
cellVoltRaw[3][14], 0,
cellVoltRaw[4][0], 446,
cellVoltRaw[4][1], 664,
cellVoltRaw[4][2], 460,
cellVoltRaw[4][3], 0,
cellVoltRaw[4][4], 0,
cellVoltRaw[4][5], 0,
cellVoltRaw[4][6], 0,
cellVoltRaw[4][7], 0,
cellVoltRaw[4][8], 0,
cellVoltRaw[4][9], 0,
cellVoltRaw[4][10], 0,
cellVoltRaw[4][11], 0,
cellVoltRaw[4][12], 0,
cellVoltRaw[4][13], 0,
cellVoltRaw[4][14], 0,
cellVoltRaw[5][0], 439,
cellVoltRaw[5][1], 679,
cellVoltRaw[5][2], 376,
cellVoltRaw[5][3], 0,
cellVoltRaw[5][4], 0,
cellVoltRaw[5][5], 0,
cellVoltRaw[5][6], 0,
cellVoltRaw[5][7], 0,
cellVoltRaw[5][8], 0,
cellVoltRaw[5][9], 0,
cellVoltRaw[5][10], 0,
cellVoltRaw[5][11], 0,
cellVoltRaw[5][12], 0,
cellVoltRaw[5][13], 0,
cellVoltRaw[5][14], 0,
cellVoltRaw[6][0], 433,
cellVoltRaw[6][1], 0,
cellVoltRaw[6][2], 444,
cellVoltRaw[6][3], 0,
cellVoltRaw[6][4], 0,
cellVoltRaw[6][5], 0,
cellVoltRaw[6][6], 0,
cellVoltRaw[6][7], 0,
cellVoltRaw[6][8], 0,
cellVoltRaw[6][9], 0,
cellVoltRaw[6][10], 0,
cellVoltRaw[6][11], 0,
cellVoltRaw[6][12], 0,
cellVoltRaw[6][13], 0,
cellVoltRaw[6][14], 0,
cellVoltRaw[7][0], 441,
cellVoltRaw[7][1], 0,
cellVoltRaw[7][2], 494,
cellVoltRaw[7][3], 0,
cellVoltRaw[7][4], 0,
cellVoltRaw[7][5], 0,
cellVoltRaw[7][6], 0,
cellVoltRaw[7][7], 0,
cellVoltRaw[7][8], 0,
cellVoltRaw[7][9], 0,
cellVoltRaw[7][10], 0,
cellVoltRaw[7][11], 0,
cellVoltRaw[7][12], 0,
cellVoltRaw[7][13], 0,
cellVoltRaw[7][14], 0,
cellVoltRaw[8][0], 447,
cellVoltRaw[8][1], 672,
cellVoltRaw[8][2], 410,
cellVoltRaw[8][3], 0,
cellVoltRaw[8][4], 0,
cellVoltRaw[8][5], 0,
cellVoltRaw[8][6], 0,
cellVoltRaw[8][7], 0,
cellVoltRaw[8][8], 0,
cellVoltRaw[8][9], 0,
cellVoltRaw[8][10], 0,
cellVoltRaw[8][11], 0,
cellVoltRaw[8][12], 0,
cellVoltRaw[8][13], 0,
cellVoltRaw[8][14], 0,
cellVoltRaw[9][0], 434,
cellVoltRaw[9][1], 644,
cellVoltRaw[9][2], 402,
cellVoltRaw[9][3], 0,
cellVoltRaw[9][4], 0,
cellVoltRaw[9][5], 0,
cellVoltRaw[9][6], 0,
cellVoltRaw[9][7], 0,
cellVoltRaw[9][8], 0,
cellVoltRaw[9][9], 0,
cellVoltRaw[9][10], 0,
cellVoltRaw[9][11], 0,
cellVoltRaw[9][12], 0,
cellVoltRaw[9][13], 0,
cellVoltRaw[9][14], 0,
cellVoltRaw[10][0], 436,
cellVoltRaw[10][1], 0,
cellVoltRaw[10][2], 465,
cellVoltRaw[10][3], 0,
cellVoltRaw[10][4], 0,
cellVoltRaw[10][5], 0,
cellVoltRaw[10][6], 0,
cellVoltRaw[10][7], 0,
cellVoltRaw[10][8], 0,
cellVoltRaw[10][9], 0,
cellVoltRaw[10][10], 0,
cellVoltRaw[10][11], 0,
cellVoltRaw[10][12], 0,
cellVoltRaw[10][13], 0,
cellVoltRaw[10][14], 0,
cellVoltRaw[11][0], 444,
cellVoltRaw[11][1], 649,
cellVoltRaw[11][2], 494,
cellVoltRaw[11][3], 0,
cellVoltRaw[11][4], 0,
cellVoltRaw[11][5], 0,
cellVoltRaw[11][6], 0,
cellVoltRaw[11][7], 0,
cellVoltRaw[11][8], 0,
cellVoltRaw[11][9], 0,
cellVoltRaw[11][10], 0,
cellVoltRaw[11][11], 0,
cellVoltRaw[11][12], 0,
cellVoltRaw[11][13], 0,
cellVoltRaw[11][14], 0,
cellVoltRaw[12][0], 443,
cellVoltRaw[12][1], 676,
cellVoltRaw[12][2], 366,
cellVoltRaw[12][3], 0,
cellVoltRaw[12][4], 0,
cellVoltRaw[12][5], 0,
cellVoltRaw[12][6], 0,
cellVoltRaw[12][7], 0,
cellVoltRaw[12][8], 0,
cellVoltRaw[12][9], 0,
cellVoltRaw[12][10], 0,
cellVoltRaw[12][11], 0,
cellVoltRaw[12][12], 0,
cellVoltRaw[12][13], 0,
cellVoltRaw[12][14], 0,
cellVoltRaw[13][0], 431,
cellVoltRaw[13][1], 63,
cellVoltRaw[13][2], 426,
cellVoltRaw[13][3], 0,
cellVoltRaw[13][4], 0,
cellVoltRaw[13][5], 0,
cellVoltRaw[13][6], 0,
cellVoltRaw[13][7], 0,
cellVoltRaw[13][8], 0,
cellVoltRaw[13][9], 0,
cellVoltRaw[13][10], 0,
cellVoltRaw[13][11], 0,
cellVoltRaw[13][12], 0,
cellVoltRaw[13][13], 0,
cellVoltRaw[13][14], 0,
cellVoltRaw[14][0], 439,
cellVoltRaw[14][1], 0,
cellVoltRaw[14][2], 483,
cellVoltRaw[14][3], 0,
cellVoltRaw[14][4], 0,
cellVoltRaw[14][5], 0,
cellVoltRaw[14][6], 0,
cellVoltRaw[14][7], 0,
cellVoltRaw[14][8], 0,
cellVoltRaw[14][9], 0,
cellVoltRaw[14][10], 0,
cellVoltRaw[14][11], 0,
cellVoltRaw[14][12], 0,
cellVoltRaw[14][13], 0,
cellVoltRaw[14][14], 0,
cellVoltRaw[15][0], 447,
cellVoltRaw[15][1], 666,
cellVoltRaw[15][2], 447,
cellVoltRaw[15][3], 0,
cellVoltRaw[15][4], 0,
cellVoltRaw[15][5], 0,
cellVoltRaw[15][6], 0,
cellVoltRaw[15][7], 0,
cellVoltRaw[15][8], 0,
cellVoltRaw[15][9], 0,
cellVoltRaw[15][10], 0,
cellVoltRaw[15][11], 0,
cellVoltRaw[15][12], 0,
cellVoltRaw[15][13], 0,
cellVoltRaw[15][14], 0,
cellVoltRaw[16][0], 437,
cellVoltRaw[16][1], 679,
cellVoltRaw[16][2], 383,
cellVoltRaw[16][3], 0,
cellVoltRaw[16][4], 0,
cellVoltRaw[16][5], 0,
cellVoltRaw[16][6], 0,
cellVoltRaw[16][7], 0,
cellVoltRaw[16][8], 0,
cellVoltRaw[16][9], 0,
cellVoltRaw[16][10], 0,
cellVoltRaw[16][11], 0,
cellVoltRaw[16][12], 0,
cellVoltRaw[16][13], 0,
cellVoltRaw[16][14], 0,
cellVoltRaw[17][0], 433,
cellVoltRaw[17][1], 0,
cellVoltRaw[17][2], 449,
cellVoltRaw[17][3], 0,
cellVoltRaw[17][4], 0,
cellVoltRaw[17][5], 0,
cellVoltRaw[17][6], 0,
cellVoltRaw[17][7], 0,
cellVoltRaw[17][8], 0,
cellVoltRaw[17][9], 0,
cellVoltRaw[17][10], 0,
cellVoltRaw[17][11], 0,
cellVoltRaw[17][12], 0,
cellVoltRaw[17][13], 0,
cellVoltRaw[17][14], 0,
cellVoltRaw[18][0], 442,
cellVoltRaw[18][1], 599,
cellVoltRaw[18][2], 496,
cellVoltRaw[18][3], 0,
cellVoltRaw[18][4], 0,
cellVoltRaw[18][5], 0,
cellVoltRaw[18][6], 0,
cellVoltRaw[18][7], 0,
cellVoltRaw[18][8], 0,
cellVoltRaw[18][9], 0,
cellVoltRaw[18][10], 0,
cellVoltRaw[18][11], 0,
cellVoltRaw[18][12], 0,
cellVoltRaw[18][13], 0,
cellVoltRaw[18][14], 0,
cellVoltRaw[19][0], 446,
cellVoltRaw[19][1], 674,
cellVoltRaw[19][2], 397,
cellVoltRaw[19][3], 0,
cellVoltRaw[19][4], 0,
cellVoltRaw[19][5], 0,
cellVoltRaw[19][6], 0,
cellVoltRaw[19][7], 0,
cellVoltRaw[19][8], 0,
cellVoltRaw[19][9], 0,
cellVoltRaw[19][10], 0,
cellVoltRaw[19][11], 0,
cellVoltRaw[19][12], 0,
cellVoltRaw[19][13], 0,
cellVoltRaw[19][14], 0,
cellVoltRaw[20][0], 432,
cellVoltRaw[20][1], 610,
cellVoltRaw[20][2], 409,
cellVoltRaw[20][3], 0,
cellVoltRaw[20][4], 0,
cellVoltRaw[20][5], 0,
cellVoltRaw[20][6], 0,
cellVoltRaw[20][7], 0,
cellVoltRaw[20][8], 0,
cellVoltRaw[20][9], 0,
cellVoltRaw[20][10], 0,
cellVoltRaw[20][11], 0,
cellVoltRaw[20][12], 0,
cellVoltRaw[20][13], 0,
cellVoltRaw[20][14], 0,
cellVoltRaw[21][0], 437,
cellVoltRaw[21][1], 0,
cellVoltRaw[21][2], 470,
cellVoltRaw[21][3], 0,
cellVoltRaw[21][4], 0,
cellVoltRaw[21][5], 0,
cellVoltRaw[21][6], 0,
cellVoltRaw[21][7], 0,
cellVoltRaw[21][8], 0,
cellVoltRaw[21][9], 0,
cellVoltRaw[21][10], 0,
cellVoltRaw[21][11], 0,
cellVoltRaw[21][12], 0,
cellVoltRaw[21][13], 0,
cellVoltRaw[21][14], 0,
cellVoltRaw[22][0], 445,
cellVoltRaw[22][1], 656,
cellVoltRaw[22][2], 482,
cellVoltRaw[22][3], 0,
cellVoltRaw[22][4], 0,
cellVoltRaw[22][5], 0,
cellVoltRaw[22][6], 0,
cellVoltRaw[22][7], 0,
cellVoltRaw[22][8], 0,
cellVoltRaw[22][9], 0,
cellVoltRaw[22][10], 0,
cellVoltRaw[22][11], 0,
cellVoltRaw[22][12], 0,
cellVoltRaw[22][13], 0,
cellVoltRaw[22][14], 0,
cellVoltRaw[23][0], 441,
cellVoltRaw[23][1], 677,
cellVoltRaw[23][2], 364,
cellVoltRaw[23][3], 0,
cellVoltRaw[23][4], 0,
cellVoltRaw[23][5], 0,
cellVoltRaw[23][6], 0,
cellVoltRaw[23][7], 0,
cellVoltRaw[23][8], 0,
cellVoltRaw[23][9], 0,
cellVoltRaw[23][10], 0,
cellVoltRaw[23][11], 0,
cellVoltRaw[23][12], 0,
cellVoltRaw[23][13], 0,
cellVoltRaw[23][14], 0,
cellVoltRaw[24][0], 432,
cellVoltRaw[24][1], 19,
cellVoltRaw[24][2], 433,
cellVoltRaw[24][3], 0,
cellVoltRaw[24][4], 0,
cellVoltRaw[24][5], 0,
cellVoltRaw[24][6], 0,
cellVoltRaw[24][7], 0,
cellVoltRaw[24][8], 0,
cellVoltRaw[24][9], 0,
cellVoltRaw[24][10], 0,
cellVoltRaw[24][11], 0,
cellVoltRaw[24][12], 0,
cellVoltRaw[24][13], 0,
cellVoltRaw[24][14], 0,
cellVoltRaw[25][0], 440,
cellVoltRaw[25][1], 0,
cellVoltRaw[25][2], 488,
cellVoltRaw[25][3], 0,
cellVoltRaw[25][4], 0,
cellVoltRaw[25][5], 0,
cellVoltRaw[25][6], 0,
cellVoltRaw[25][7], 0,
cellVoltRaw[25][8], 0,
cellVoltRaw[25][9], 0,
cellVoltRaw[25][10], 0,
cellVoltRaw[25][11], 0,
cellVoltRaw[25][12], 0,
cellVoltRaw[25][13], 0,
cellVoltRaw[25][14], 0,
cellVoltRaw[26][0], 448,
cellVoltRaw[26][1], 669,
cellVoltRaw[26][2], 434,
cellVoltRaw[26][3], 0,
cellVoltRaw[26][4], 0,
cellVoltRaw[26][5], 0,
cellVoltRaw[26][6], 0,
cellVoltRaw[26][7], 0,
cellVoltRaw[26][8], 0,
cellVoltRaw[26][9], 0,
cellVoltRaw[26][10], 0,
cellVoltRaw[26][11], 0,
cellVoltRaw[26][12], 0,
cellVoltRaw[26][13], 0,
cellVoltRaw[26][14], 0,
cellVoltRaw[27][0], 436,
cellVoltRaw[27][1], 680,
cellVoltRaw[27][2], 389,
cellVoltRaw[27][3], 0,
cellVoltRaw[27][4], 0,
cellVoltRaw[27][5], 0,
cellVoltRaw[27][6], 0,
cellVoltRaw[27][7], 0,
cellVoltRaw[27][8], 0,
cellVoltRaw[27][9], 0,
cellVoltRaw[27][10], 0,
cellVoltRaw[27][11], 0,
cellVoltRaw[27][12], 0,
cellVoltRaw[27][13], 0,
cellVoltRaw[27][14], 0,
cellVoltRaw[28][0], 434,
cellVoltRaw[28][1], 0,
cellVoltRaw[28][2], 455,
cellVoltRaw[28][3], 0,
cellVoltRaw[28][4], 0,
cellVoltRaw[28][5], 0,
cellVoltRaw[28][6], 0,
cellVoltRaw[28][7], 0,
cellVoltRaw[28][8], 0,
cellVoltRaw[28][9], 0,
cellVoltRaw[28][10], 0,
cellVoltRaw[28][11], 0,
cellVoltRaw[28][12], 0,
cellVoltRaw[28][13], 0,
cellVoltRaw[28][14], 0,
cellVoltRaw[29][0], 443,
cellVoltRaw[29][1], 627,
cellVoltRaw[29][2], 498,
cellVoltRaw[29][3], 0,
cellVoltRaw[29][4], 0,
cellVoltRaw[29][5], 0,
cellVoltRaw[29][6], 0,
cellVoltRaw[29][7], 0,
cellVoltRaw[29][8], 0,
cellVoltRaw[29][9], 0,
cellVoltRaw[29][10], 0,
cellVoltRaw[29][11], 0,
cellVoltRaw[29][12], 0,
cellVoltRaw[29][13], 0,
cellVoltRaw[29][14], 0,
cellVoltRaw[30][0], 444,
cellVoltRaw[30][1], 675,
cellVoltRaw[30][2], 387,
cellVoltRaw[30][3], 0,
cellVoltRaw[30][4], 0,
cellVoltRaw[30][5], 0,
cellVoltRaw[30][6], 0,
cellVoltRaw[30][7], 0,
cellVoltRaw[30][8], 0,
cellVoltRaw[30][9], 0,
cellVoltRaw[30][10], 0,
cellVoltRaw[30][11], 0,
cellVoltRaw[30][12], 0,
cellVoltRaw[30][13], 0,
cellVoltRaw[30][14], 0,
cellVoltRaw[31][0], 432,
cellVoltRaw[31][1], 502,
cellVoltRaw[31][2], 415,
cellVoltRaw[31][3], 0,
cellVoltRaw[31][4], 0,
cellVoltRaw[31][5], 0,
cellVoltRaw[31][6], 0,
cellVoltRaw[31][7], 0,
cellVoltRaw[31][8], 0,
cellVoltRaw[31][9], 0,
cellVoltRaw[31][10], 0,
cellVoltRaw[31][11], 0,
cellVoltRaw[31][12], 0,
cellVoltRaw[31][13], 0,
cellVoltRaw[31][14], 0,
cellVoltRaw[32][0], 438,
cellVoltRaw[32][1], 0,
cellVoltRaw[32][2], 476,
cellVoltRaw[32][3], 0,
cellVoltRaw[32][4], 0,
cellVoltRaw[32][5], 0,
cellVoltRaw[32][6], 0,
cellVoltRaw[32][7], 0,
cellVoltRaw[32][8], 0,
cellVoltRaw[32][9], 0,
cellVoltRaw[32][10], 0,
cellVoltRaw[32][11], 0,
cellVoltRaw[32][12], 0,
cellVoltRaw[32][13], 0,
cellVoltRaw[32][14], 0,
cellVoltRaw[33][0], 446,
cellVoltRaw[33][1], 661,
cellVoltRaw[33][2], 470,
cellVoltRaw[33][3], 0,
cellVoltRaw[33][4], 0,
cellVoltRaw[33][5], 0,
cellVoltRaw[33][6], 0,
cellVoltRaw[33][7], 0,
cellVoltRaw[33][8], 0,
cellVoltRaw[33][9], 0,
cellVoltRaw[33][10], 0,
cellVoltRaw[33][11], 0,
cellVoltRaw[33][12], 0,
cellVoltRaw[33][13], 0,
cellVoltRaw[33][14], 0,
cellVoltRaw[34][0], 439,
cellVoltRaw[34][1], 678,
cellVoltRaw[34][2], 370,
cellVoltRaw[34][3], 0,
cellVoltRaw[34][4], 0,
cellVoltRaw[34][5], 0,
cellVoltRaw[34][6], 0,
cellVoltRaw[34][7], 0,
cellVoltRaw[34][8], 0,
cellVoltRaw[34][9], 0,
cellVoltRaw[34][10], 0,
cellVoltRaw[34][11], 0,
cellVoltRaw[34][12], 0,
cellVoltRaw[34][13], 0,
cellVoltRaw[34][14], 0,
cellVoltRaw[35][0], 432,
cellVoltRaw[35][1], 2,
cellVoltRaw[35][2], 439,
cellVoltRaw[35][3], 0,
cellVoltRaw[35][4], 0,
cellVoltRaw[35][5], 0,
cellVoltRaw[35][6], 0,
cellVoltRaw[35][7], 0,
cellVoltRaw[35][8], 0,
cellVoltRaw[35][9], 0,
cellVoltRaw[35][10], 0,
cellVoltRaw[35][11], 0,
cellVoltRaw[35][12], 0,
cellVoltRaw[35][13], 0,
cellVoltRaw[35][14], 0,
cellVoltRaw[36][0], 440,
cellVoltRaw[36][1], 0,
cellVoltRaw[36][2], 491,
cellVoltRaw[36][3], 0,
cellVoltRaw[36][4], 0,
cellVoltRaw[36][5], 0,
cellVoltRaw[36][6], 0,
cellVoltRaw[36][7], 0,
cellVoltRaw[36][8], 0,
cellVoltRaw[36][9], 0,
cellVoltRaw[36][10], 0,
cellVoltRaw[36][11], 0,
cellVoltRaw[36][12], 0,
cellVoltRaw[36][13], 0,
cellVoltRaw[36][14], 0,
cellVoltRaw[37][0], 447,
cellVoltRaw[37][1], 671,
cellVoltRaw[37][2], 420,
cellVoltRaw[37][3], 0,
cellVoltRaw[37][4], 0,
cellVoltRaw[37][5], 0,
cellVoltRaw[37][6], 0,
cellVoltRaw[37][7], 0,
cellVoltRaw[37][8], 0,
cellVoltRaw[37][9], 0,
cellVoltRaw[37][10], 0,
cellVoltRaw[37][11], 0,
cellVoltRaw[37][12], 0,
cellVoltRaw[37][13], 0,
cellVoltRaw[37][14], 0,
cellVoltRaw[38][0], 435,
cellVoltRaw[38][1], 661,
cellVoltRaw[38][2], 396,
cellVoltRaw[38][3], 0,
cellVoltRaw[38][4], 0,
cellVoltRaw[38][5], 0,
cellVoltRaw[38][6], 0,
cellVoltRaw[38][7], 0,
cellVoltRaw[38][8], 0,
cellVoltRaw[38][9], 0,
cellVoltRaw[38][10], 0,
cellVoltRaw[38][11], 0,
cellVoltRaw[38][12], 0,
cellVoltRaw[38][13], 0,
cellVoltRaw[38][14], 0,
cellVoltRaw[39][0], 435,
cellVoltRaw[39][1], 0,
cellVoltRaw[39][2], 461,
cellVoltRaw[39][3], 0,
cellVoltRaw[39][4], 0,
cellVoltRaw[39][5], 0,
cellVoltRaw[39][6], 0,
cellVoltRaw[39][7], 0,
cellVoltRaw[39][8], 0,
cellVoltRaw[39][9], 0,
cellVoltRaw[39][10], 0,
cellVoltRaw[39][11], 0,
cellVoltRaw[39][12], 0,
cellVoltRaw[39][13], 0,
cellVoltRaw[39][14], 0,
cellVoltRaw[40][0], 444,
cellVoltRaw[40][1], 643,
cellVoltRaw[40][2], 498,
cellVoltRaw[40][3], 0,
cellVoltRaw[40][4], 0,
cellVoltRaw[40][5], 0,
cellVoltRaw[40][6], 0,
cellVoltRaw[40][7], 0,
cellVoltRaw[40][8], 0,
cellVoltRaw[40][9], 0,
cellVoltRaw[40][10], 0,
cellVoltRaw[40][11], 0,
cellVoltRaw[40][12], 0,
cellVoltRaw[40][13], 0,
cellVoltRaw[40][14], 0,
cellVoltRaw[41][0], 443,
cellVoltRaw[41][1], 676,
cellVoltRaw[41][2], 374,
cellVoltRaw[41][3], 0,
cellVoltRaw[41][4], 0,
cellVoltRaw[41][5], 0,
cellVoltRaw[41][6], 0,
cellVoltRaw[41][7], 0,
cellVoltRaw[41][8], 0,
cellVoltRaw[41][9], 0,
cellVoltRaw[41][10], 0,
cellVoltRaw[41][11], 0,
cellVoltRaw[41][12], 0,
cellVoltRaw[41][13], 0,
cellVoltRaw[41][14], 0,
cellVoltRaw[42][0], 430,
cellVoltRaw[42][1], 126,
cellVoltRaw[42][2], 421,
cellVoltRaw[42][3], 0,
cellVoltRaw[42][4], 0,
cellVoltRaw[42][5], 0,
cellVoltRaw[42][6], 0,
cellVoltRaw[42][7], 0,
cellVoltRaw[42][8], 0,
cellVoltRaw[42][9], 0,
cellVoltRaw[42][10], 0,
cellVoltRaw[42][11], 0,
cellVoltRaw[42][12], 0,
cellVoltRaw[42][13], 0,
cellVoltRaw[42][14], 0,
cellVoltRaw[43][0], 438,
cellVoltRaw[43][1], 0,
cellVoltRaw[43][2], 480,
cellVoltRaw[43][3], 0,
cellVoltRaw[43][4], 0,
cellVoltRaw[43][5], 0,
cellVoltRaw[43][6], 0,
cellVoltRaw[43][7], 0,
cellVoltRaw[43][8], 0,
cellVoltRaw[43][9], 0,
cellVoltRaw[43][10], 0,
cellVoltRaw[43][11], 0,
cellVoltRaw[43][12], 0,
cellVoltRaw[43][13], 0,
cellVoltRaw[43][14], 0,
cellVoltRaw[44][0], 446,
cellVoltRaw[44][1], 664,
cellVoltRaw[44][2], 458,
cellVoltRaw[44][3], 0,
cellVoltRaw[44][4], 0,
cellVoltRaw[44][5], 0,
cellVoltRaw[44][6], 0,
cellVoltRaw[44][7], 0,
cellVoltRaw[44][8], 0,
cellVoltRaw[44][9], 0,
cellVoltRaw[44][10], 0,
cellVoltRaw[44][11], 0,
cellVoltRaw[44][12], 0,
cellVoltRaw[44][13], 0,
cellVoltRaw[44][14], 0,
cellVoltRaw[45][0], 438,
cellVoltRaw[45][1], 679,
cellVoltRaw[45][2], 376,
cellVoltRaw[45][3], 0,
cellVoltRaw[45][4], 0,
cellVoltRaw[45][5], 0,
cellVoltRaw[45][6], 0,
cellVoltRaw[45][7], 0,
cellVoltRaw[45][8], 0,
cellVoltRaw[45][9], 0,
cellVoltRaw[45][10], 0,
cellVoltRaw[45][11], 0,
cellVoltRaw[45][12], 0,
cellVoltRaw[45][13], 0,
cellVoltRaw[45][14], 0,
cellVoltRaw[46][0], 433,
cellVoltRaw[46][1], 0,
cellVoltRaw[46][2], 444,
cellVoltRaw[46][3], 0,
cellVoltRaw[46][4], 0,
cellVoltRaw[46][5], 0,
cellVoltRaw[46][6], 0,
cellVoltRaw[46][7], 0,
cellVoltRaw[46][8], 0,
cellVoltRaw[46][9], 0,
cellVoltRaw[46][10], 0,
cellVoltRaw[46][11], 0,
cellVoltRaw[46][12], 0,
cellVoltRaw[46][13], 0,
cellVoltRaw[46][14], 0,
cellVoltRaw[47][0], 442,
cellVoltRaw[47][1], 0,
cellVoltRaw[47][2], 494,
cellVoltRaw[47][3], 0,
cellVoltRaw[47][4], 0,
cellVoltRaw[47][5], 0,
cellVoltRaw[47][6], 0,
cellVoltRaw[47][7], 0,
cellVoltRaw[47][8], 0,
cellVoltRaw[47][9], 0,
cellVoltRaw[47][10], 0,
cellVoltRaw[47][11], 0,
cellVoltRaw[47][12], 0,
cellVoltRaw[47][13], 0,
cellVoltRaw[47][14], 0,
cellVoltRaw[48][0], 447,
cellVoltRaw[48][1], 673,
cellVoltRaw[48][2], 409,
cellVoltRaw[48][3], 0,
cellVoltRaw[48][4], 0,
cellVoltRaw[48][5], 0,
cellVoltRaw[48][6], 0,
cellVoltRaw[48][7], 0,
cellVoltRaw[48][8], 0,
cellVoltRaw[48][9], 0,
cellVoltRaw[48][10], 0,
cellVoltRaw[48][11], 0,
cellVoltRaw[48][12], 0,
cellVoltRaw[48][13], 0,
cellVoltRaw[48][14], 0,
cellVoltRaw[49][0], 433,
cellVoltRaw[49][1], 641,
cellVoltRaw[49][2], 402,
cellVoltRaw[49][3], 0,
cellVoltRaw[49][4], 0,
cellVoltRaw[49][5], 0,
cellVoltRaw[49][6], 0,
cellVoltRaw[49][7], 0,
cellVoltRaw[49][8], 0,
cellVoltRaw[49][9], 0,
cellVoltRaw[49][10], 0,
cellVoltRaw[49][11], 0,
cellVoltRaw[49][12], 0,
cellVoltRaw[49][13], 0,
cellVoltRaw[49][14], 0,
